PLAYER_NAME,PLAYER_ID,TEAM_ID,GP,PTS,REB,AST,STL,BLK,FGM,FGA,FG_PCT,FTM,FTA,FT_PCT,FG3M,TOV
,1641872,1610612758,5,4.0,4.6,1.0,0.2,0.8,1.6,3.6,0.444,0.8,1.0,0.8,0.0,1.4
,196294944,1610612755,4,17.3,3.3,6.0,0.5,0.0,6.0,14.3,0.421,4.3,5.3,0.81,1.0,2.3
,1642479,1610612742,3,1.0,1.7,0.0,0.0,0.7,0.3,1.0,0.333,0.3,0.7,0.5,0.0,0.0
,1642478,1610612742,3,0.0,0.0,1.3,0.7,0.0,0.0,1.0,0.0,0.0,0.0,0.0,0.0,2.0
,1642448,1610612754,2,5.0,0.0,1.0,1.0,0.0,2.0,6.5,0.308,0.5,0.5,1.0,0.5,0.5
,1642494,1610612740,1,0.0,1.0,0.0,0.0,0.0,0.0,1.0,0.0,0.0,0.0,0.0,0.0,2.0
,1642482,1610612742,1,0.0,0.0,0.0,0.0,0.0,0.0,0.0,0.0,0.0,0.0,0.0,0.0,0.0
A.J. Lawson,1630639,1610612761,26,9.1,3.3,1.2,0.5,0.2,3.1,7.3,0.421,1.7,2.4,0.683,1.3,0.6
A.J. Lawson,1630639,1610612742,5,18.4,5.0,1.6,1.2,0.2,6.2,13.2,0.47,4.4,6.2,0.71,1.6,1.2
AJ Green,1631260,1610612749,73,7.4,2.4,1.5,0.5,0.1,2.5,5.8,0.429,0.3,0.4,0.815,2.1,0.5
AJ Griffin,1631100,1610612745,5,11.6,3.0,0.8,1.2,0.8,4.2,10.8,0.389,1.8,1.8,1.0,1.4,1.4
AJ Johnson,1642358,1610612764,29,7.6,2.0,2.6,0.4,0.1,2.8,7.3,0.385,1.1,1.3,0.865,0.8,1.2
AJ Johnson,1642358,1610612749,5,11.2,3.4,2.8,0.6,0.4,4.0,12.4,0.323,1.2,2.0,0.6,2.0,2.4
Aaron Estrada,1642401,1610612765,5,5.6,1.8,2.2,0.2,0.0,2.2,5.4,0.407,0.4,0.4,1.0,0.8,1.6
Aaron Gordon,203932,1610612743,51,14.7,4.8,3.2,0.5,0.3,5.2,9.7,0.531,2.8,3.5,0.81,1.5,1.4
Aaron Holiday,1628988,1610612745,62,5.5,1.3,1.3,0.3,0.2,1.9,4.3,0.437,0.5,0.7,0.829,1.2,0.6
Aaron Nesmith,1630174,1610612754,45,12.0,4.0,1.2,0.8,0.4,4.3,8.4,0.507,1.6,1.8,0.913,1.9,0.8
Aaron Wiggins,1630598,1610612760,76,12.0,3.9,1.8,0.8,0.2,4.7,9.6,0.488,1.0,1.2,0.831,1.7,0.9
Adam Flagler,1641745,1610612760,42,3.5,1.0,0.5,0.3,0.1,1.3,3.9,0.329,0.1,0.2,0.625,0.8,0.2
Adama Sanogo,1641766,1610612741,8,8.5,5.1,0.5,0.9,0.5,3.4,5.5,0.614,1.8,2.0,0.875,0.0,1.5
Ade Murkey,1630278,1610612749,1,7.0,2.0,1.0,0.0,0.0,3.0,5.0,0.6,0.0,0.0,0.0,1.0,0.0
Adem Bona,1641737,1610612755,66,5.8,4.3,0.5,0.5,1.4,2.3,3.4,0.685,1.2,1.7,0.699,0.0,1.2
Adonis Arms,1631317,1610612758,3,6.0,2.3,1.0,0.0,0.3,2.3,4.0,0.583,0.7,1.3,0.5,0.7,1.3
Ahmad Caver,1629958,1610612758,2,3.5,1.0,2.5,0.5,0.0,1.5,3.0,0.5,0.0,0.0,0.0,0.5,0.5
Ajay Mitchell,1642349,1610612760,41,7.7,2.0,2.1,0.8,0.2,3.0,6.0,0.504,1.0,1.2,0.854,0.7,1.0
Al Horford,201143,1610612738,60,9.0,6.2,2.1,0.6,0.9,3.3,7.7,0.423,0.6,0.6,0.895,1.9,0.8
Alan Griffin,1630825,1610612752,1,6.0,3.0,0.0,3.0,1.0,2.0,4.0,0.5,1.0,2.0,0.5,1.0,2.0
Alec Burks,202692,1610612748,49,7.3,2.5,1.1,0.6,0.1,2.3,5.5,0.424,0.8,1.0,0.776,1.8,0.6
Alex Caruso,1627936,1610612760,54,7.1,2.9,2.5,1.6,0.6,2.6,5.8,0.446,0.8,0.9,0.824,1.1,0.7
Alex Ducas,1642505,1610612760,21,1.7,1.2,0.2,0.2,0.0,0.6,1.4,0.4,0.1,0.1,1.0,0.5,0.2
Alex Fudge,1641788,1610612742,5,4.6,3.2,1.2,0.6,0.4,2.2,5.8,0.379,0.0,0.4,0.0,0.2,0.6
Alex Len,203458,1610612747,46,1.6,2.1,0.8,0.2,0.5,0.7,1.4,0.508,0.2,0.4,0.471,0.0,0.4
Alex Reese,1642024,1610612755,15,5.1,3.1,0.3,0.7,0.7,1.7,3.6,0.481,0.6,0.8,0.75,1.0,0.4
Alex Reese,1642024,1610612757,5,7.6,2.2,0.4,0.6,0.4,2.4,7.4,0.324,1.2,1.4,0.857,1.6,1.4
Alex Sarr,1642259,1610612764,71,12.5,6.6,2.5,0.7,1.6,4.7,12.3,0.383,1.6,2.4,0.675,1.5,1.7
Alondes Williams,1631214,1610612748,8,11.5,4.0,4.4,0.9,0.4,4.1,10.3,0.402,1.4,2.0,0.688,1.9,1.9
Alondes Williams,1631214,1610612765,1,5.0,0.0,1.0,0.0,0.0,2.0,2.0,1.0,0.0,0.0,0.0,1.0,0.0
Alperen Sengun,1630578,1610612745,76,19.1,10.3,4.9,1.1,0.8,7.5,15.0,0.496,3.9,5.6,0.692,0.3,2.6
Amari Bailey,1641735,1610612746,5,6.0,0.8,1.8,0.2,0.2,1.8,4.6,0.391,1.8,2.8,0.643,0.6,1.4
Amari Kelly,1642493,1610612752,1,4.0,5.0,0.0,0.0,0.0,2.0,3.0,0.667,0.0,0.0,0.0,0.0,1.0
Amen Thompson,1641708,1610612745,69,14.1,8.2,3.8,1.4,1.3,5.6,10.1,0.557,2.4,3.6,0.684,0.4,2.0
Aminu Mohammed,1631198,1610612755,1,0.0,3.0,1.0,0.0,0.0,0.0,1.0,0.0,0.0,0.0,0.0,0.0,0.0
Amir Coffey,1629599,1610612746,72,9.7,2.2,1.1,0.6,0.1,3.3,7.1,0.471,1.6,1.8,0.891,1.4,0.6
Andre Drummond,203083,1610612755,40,7.3,7.8,0.9,1.0,0.5,2.9,5.9,0.5,1.4,2.3,0.622,0.1,1.4
Andre Jackson Jr.,1641748,1610612749,70,3.5,2.7,1.3,0.5,0.2,1.4,3.0,0.478,0.2,0.3,0.5,0.4,1.0
Andrew Funk,1641847,1610612741,5,2.4,0.8,0.6,0.6,0.0,0.6,3.6,0.167,0.6,0.8,0.75,0.6,0.2
Andrew Nembhard,1629614,1610612754,65,10.0,3.3,5.0,1.2,0.2,3.8,8.3,0.458,1.7,2.1,0.794,0.8,1.7
Andrew Wiggins,203952,1610612748,60,18.0,4.5,2.6,1.0,0.8,6.3,14.0,0.448,3.3,4.3,0.763,2.2,1.7
Anfernee Simons,1629014,1610612757,70,19.3,2.7,4.8,0.9,0.1,6.8,16.1,0.426,2.5,2.8,0.902,3.1,2.0
Anthony Black,1641710,1610612753,80,9.5,2.9,3.1,1.1,0.6,3.4,8.0,0.425,2.0,2.6,0.76,0.8,1.8
Anthony Davis,203076,1610612742,51,24.7,11.6,3.5,1.2,2.2,9.2,17.8,0.516,5.6,7.2,0.775,0.7,2.2
Anthony Edwards,1630162,1610612750,79,27.6,5.7,4.5,1.2,0.6,9.1,20.4,0.447,5.3,6.3,0.837,4.1,3.2
Anthony Gill,1630264,1610612764,51,2.5,1.3,0.3,0.2,0.0,0.8,1.7,0.489,0.6,1.0,0.66,0.2,0.2
Antoine Davis,1641784,1610612758,3,2.3,0.0,0.0,0.0,0.0,1.0,2.7,0.375,0.0,0.0,0.0,0.3,0.0
Anton Watson,1641817,1610612752,9,0.9,0.3,0.2,0.1,0.0,0.4,1.0,0.444,0.0,0.0,0.0,0.0,0.2
Anton Watson,1641817,1610612738,5,11.8,5.2,1.6,0.8,1.0,4.6,9.0,0.511,1.2,1.4,0.857,1.4,0.6
Antonio Reeves,1641810,1610612740,49,7.4,1.5,1.0,0.5,0.2,2.7,6.1,0.448,0.8,1.0,0.771,1.2,0.8
Ariel Hukporti,1630574,1610612752,30,3.0,2.9,0.6,0.0,0.6,1.3,2.0,0.661,0.4,0.8,0.522,0.0,1.0
Armaan Franklin,1641848,1610612743,1,0.0,0.0,0.0,0.0,0.0,0.0,0.0,0.0,0.0,0.0,0.0,0.0,0.0
Armando Bacot,1630654,1610612762,4,7.3,5.0,0.8,1.3,1.0,3.0,5.5,0.545,1.0,1.5,0.667,0.3,2.3
Armel Traore,1642422,1610612747,17,4.1,3.1,0.3,0.5,0.3,1.5,3.4,0.431,1.0,1.9,0.515,0.1,0.6
Au'Diese Toney,1631421,1610612743,5,1.8,2.6,0.6,0.8,0.0,0.2,2.4,0.083,1.4,1.6,0.875,0.0,1.0
Ausar Thompson,1641709,1610612765,59,10.1,5.1,2.3,1.7,0.7,4.2,7.8,0.535,1.5,2.4,0.641,0.2,1.4
Austin Reaves,1630559,1610612747,73,20.2,4.5,5.8,1.1,0.3,6.5,14.2,0.46,4.4,5.0,0.877,2.7,2.4
Ayo Dosunmu,1630245,1610612741,46,12.3,3.5,4.5,0.9,0.4,4.8,9.8,0.492,1.3,1.7,0.785,1.3,1.5
Babacar Sane,1641526,1610612762,3,5.7,3.0,0.3,0.3,0.0,2.0,4.3,0.462,1.0,1.7,0.6,0.7,0.3
Bam Adebayo,1628389,1610612748,78,18.1,9.6,4.3,1.3,0.7,6.9,14.3,0.485,3.2,4.2,0.765,1.0,2.1
Baylor Scheierman,1631248,1610612738,36,4.7,2.6,1.4,0.6,0.1,1.6,4.4,0.357,0.6,0.8,0.75,1.0,0.6
Ben Sheppard,1641767,1610612754,65,5.3,2.8,1.3,0.6,0.2,1.9,4.7,0.409,0.4,0.5,0.903,1.1,0.4
Ben Simmons,1627732,1610612746,51,5.0,4.7,5.6,0.7,0.5,2.3,4.4,0.52,0.5,0.6,0.727,0.0,2.0
Bennedict Mathurin,1631097,1610612754,72,16.1,5.3,1.9,0.7,0.3,5.4,11.8,0.458,3.8,4.6,0.831,1.4,1.9
Bilal Coulibaly,1641731,1610612764,59,12.3,5.0,3.4,1.3,0.7,4.5,10.6,0.421,2.3,3.1,0.746,1.1,2.1
Bismack Biyombo,202687,1610612759,28,5.1,5.6,1.1,0.6,0.8,2.4,4.1,0.588,0.4,0.9,0.4,0.0,1.0
Blake Hinson,1642396,1610612747,8,10.9,2.5,1.3,0.6,0.1,3.5,10.3,0.341,1.3,1.8,0.714,2.6,0.9
Blake Wesley,1631104,1610612759,58,3.7,1.1,2.0,0.6,0.1,1.4,3.2,0.435,0.7,1.1,0.623,0.3,0.9
Bobby Portis,1626171,1610612749,49,13.9,8.4,2.1,0.7,0.5,5.7,12.1,0.466,1.2,1.5,0.836,1.3,1.2
Bobi Klintman,1641752,1610612765,13,5.5,3.3,2.0,0.5,0.3,2.1,4.6,0.45,0.2,0.3,0.5,1.2,0.9
Bogdan Bogdanović,203992,1610612746,54,10.8,2.9,2.7,0.8,0.2,3.9,9.1,0.427,1.1,1.2,0.879,1.9,1.4
Bol Bol,1629626,1610612756,36,6.8,2.9,0.6,0.3,0.7,2.7,5.1,0.525,0.6,0.7,0.769,0.9,0.6
Bones Hyland,1630538,1610612750,24,6.2,1.0,1.3,0.8,0.2,2.0,4.9,0.398,1.0,1.1,0.885,1.3,1.0
Boo Buie III,1642486,1610612756,5,9.0,1.4,2.0,1.0,0.2,2.8,8.6,0.326,1.8,2.2,0.818,1.6,1.2
Boogie Ellis,1642407,1610612758,5,11.2,1.8,1.4,1.2,0.2,4.0,7.8,0.513,0.8,1.2,0.667,2.4,1.4
Bradley Beal,203078,1610612756,53,17.0,3.3,3.7,1.1,0.5,6.5,13.1,0.497,2.1,2.6,0.803,1.9,1.9
Branden Carlson,1642382,1610612760,32,3.8,1.7,0.4,0.2,0.7,1.3,3.0,0.443,0.4,0.6,0.778,0.7,0.2
Branden Carlson,1642382,1610612761,5,9.6,5.4,0.6,0.0,2.4,3.4,7.6,0.447,1.4,1.6,0.875,1.4,1.4
Brandin Podziemski,1641764,1610612744,67,11.9,5.2,3.5,1.1,0.2,4.4,9.9,0.444,1.3,1.6,0.764,1.8,1.3
Brandon Boston,1630527,1610612740,42,10.7,3.2,2.2,1.3,0.2,4.0,9.1,0.436,1.6,2.0,0.788,1.2,1.2
Brandon Clarke,1629634,1610612763,64,8.3,5.1,1.0,0.8,0.6,3.7,5.9,0.621,1.0,1.4,0.701,0.0,0.6
Brandon Ingram,1627742,1610612761,18,22.2,5.6,5.2,0.9,0.6,8.6,18.5,0.465,2.6,3.1,0.855,2.4,3.8
Brandon Miller,1641706,1610612766,28,21.1,5.0,3.6,1.0,0.7,7.3,18.1,0.404,2.6,3.0,0.867,3.9,3.0
Brandon Slater,1641994,1610612766,8,5.8,2.9,0.9,1.3,0.4,2.0,6.0,0.333,0.8,1.1,0.667,1.0,1.1
Brandon Williams,1630314,1610612742,35,8.8,1.8,2.4,0.8,0.1,3.1,5.9,0.519,1.8,2.2,0.821,0.8,1.3
Braxton Key,1630296,1610612744,3,1.0,0.7,0.0,0.7,0.0,0.0,1.3,0.0,1.0,2.0,0.5,0.0,0.3
Brice Sensabaugh,1641729,1610612762,75,11.0,2.9,1.5,0.6,0.1,3.9,8.5,0.458,1.0,1.1,0.906,2.2,1.6
Bronny James,1642355,1610612747,33,3.2,1.2,0.9,0.5,0.2,1.2,3.6,0.319,0.5,0.7,0.727,0.4,0.7
Brook Lopez,201572,1610612749,80,13.0,5.0,1.8,0.6,1.9,4.9,9.7,0.509,1.4,1.7,0.826,1.7,1.1
Bruce Brown,1628971,1610612740,41,8.3,4.0,2.0,0.8,0.2,3.2,7.5,0.421,1.3,1.6,0.815,0.7,1.0
Bruno Fernando,1628981,1610612761,17,3.4,3.0,1.1,0.2,0.5,1.5,2.9,0.531,0.4,0.5,0.75,0.0,0.8
Bryce McGowens,1631121,1610612757,17,4.5,0.6,0.4,0.2,0.1,1.3,3.5,0.367,1.5,1.8,0.839,0.4,0.6
Bryce McGowens,1631121,1610612766,3,18.3,3.7,2.0,0.7,0.0,5.0,11.7,0.429,7.3,9.3,0.786,1.0,0.7
Bryson Warren,1641985,1610612748,3,0.7,0.7,1.7,0.3,0.0,0.3,3.7,0.091,0.0,0.0,0.0,0.0,0.3
Bryson Williams,1631258,1610612753,2,3.0,2.0,0.5,0.0,0.0,1.5,2.5,0.6,0.0,0.0,0.0,0.0,0.0
Bub Carrington,1642267,1610612764,87,10.2,4.3,4.5,0.7,0.3,3.7,9.4,0.395,1.0,1.2,0.822,1.7,1.8
Buddy Boeheim,1631205,1610612760,8,5.5,1.5,0.6,0.5,0.1,1.8,5.3,0.333,0.5,0.9,0.571,1.5,0.6
Buddy Hield,1627741,1610612744,82,11.1,3.2,1.6,0.8,0.3,4.0,9.6,0.417,0.6,0.8,0.828,2.5,1.1
CJ McCollum,203468,1610612740,56,21.1,3.8,4.1,0.8,0.4,7.9,17.9,0.444,2.2,3.1,0.717,3.1,1.9
Cade Cunningham,1630595,1610612765,70,26.1,6.1,9.1,1.0,0.8,9.8,20.8,0.469,4.5,5.3,0.846,2.1,4.4
Caleb Daniels,1641915,1610612748,7,6.0,3.4,1.7,1.3,0.3,1.9,4.6,0.406,1.7,2.0,0.857,0.6,0.4
Caleb Houstan,1631216,1610612753,58,4.1,1.3,0.6,0.4,0.1,1.4,3.3,0.421,0.3,0.3,0.882,1.1,0.2
Caleb Martin,1628997,1610612742,45,7.9,3.9,2.1,1.0,0.5,2.9,6.8,0.424,1.4,2.2,0.622,0.8,1.2
Caleb McConnell,1641799,1610612766,6,3.3,4.0,2.2,1.0,0.2,1.2,2.8,0.412,0.8,1.3,0.625,0.2,1.2
Cam Christie,1642353,1610612746,18,4.2,1.3,0.7,0.6,0.1,1.4,4.2,0.347,0.3,0.5,0.667,0.9,0.3
Cam Reddish,1629629,1610612747,33,3.2,2.0,0.7,1.0,0.3,1.2,2.8,0.404,0.5,0.8,0.615,0.4,0.4
Cam Spencer,1642285,1610612763,29,5.6,1.6,1.7,0.5,0.0,1.9,4.1,0.467,0.7,0.7,0.952,1.0,0.3
Cam Thomas,1630560,1610612751,25,24.0,3.3,3.8,0.6,0.1,8.0,18.2,0.438,5.3,6.0,0.881,2.7,2.5
Cam Whitmore,1641715,1610612745,54,9.8,3.2,1.1,0.8,0.3,3.6,8.3,0.438,1.2,1.7,0.736,1.2,0.9
Cameron Johnson,1629661,1610612751,57,18.8,4.3,3.4,0.9,0.4,6.2,13.1,0.475,3.5,3.9,0.893,2.8,1.7
Cameron Payne,1626166,1610612752,72,6.9,1.4,2.8,0.5,0.2,2.5,6.2,0.401,0.7,0.8,0.907,1.3,0.7
Caris LeVert,1627747,1610612737,64,12.1,3.2,3.4,0.9,0.5,4.4,9.4,0.467,1.7,2.4,0.71,1.7,1.2
Cason Wallace,1641717,1610612760,68,8.4,3.4,2.5,1.8,0.5,3.4,7.2,0.474,0.4,0.5,0.811,1.1,0.9
Charles Bassey,1629646,1610612759,36,4.4,4.2,0.5,0.4,0.8,1.9,3.3,0.581,0.6,0.9,0.636,0.0,0.6
Charles Bediako,1641777,1610612753,3,3.7,2.3,0.3,0.7,0.3,1.0,2.3,0.429,1.3,2.0,0.667,0.3,0.0
Charles Pride,27781,1610612766,3,1.0,1.3,0.7,0.0,0.0,0.3,0.7,0.5,0.0,0.0,0.0,0.3,0.3
Charlie Brown Jr.,1629718,1610612753,5,8.0,2.6,1.0,1.2,0.8,2.4,6.4,0.375,2.0,2.0,1.0,1.2,1.4
Chase Audige,1641914,1610612741,2,3.5,0.5,0.5,1.0,0.0,0.5,1.5,0.333,2.0,3.0,0.667,0.5,0.0
Chet Holmgren,1631096,1610612760,32,15.0,8.0,2.0,0.7,2.2,5.2,10.7,0.49,3.2,4.2,0.754,1.4,1.8
Chris Boucher,1628449,1610612761,50,10.0,4.5,0.7,0.5,0.5,3.6,7.4,0.492,1.4,1.7,0.782,1.4,0.6
Chris Duarte,1630537,1610612741,17,2.1,1.2,0.5,0.0,0.0,0.7,1.5,0.462,0.4,0.5,0.75,0.4,0.1
Chris Livingston,1641753,1610612749,26,4.0,3.0,0.6,0.3,0.0,1.5,3.1,0.469,0.8,1.2,0.688,0.2,0.6
Chris Paul,101108,1610612759,82,8.8,3.6,7.4,1.3,0.3,3.0,7.1,0.427,1.0,1.1,0.924,1.7,1.6
Christian Braun,1631128,1610612743,79,15.4,5.2,2.6,1.1,0.5,6.0,10.4,0.58,2.2,2.7,0.827,1.1,1.0
Christian Koloko,1631132,1610612747,37,2.4,2.5,0.4,0.2,0.4,1.1,1.8,0.606,0.3,0.4,0.714,0.0,0.3
Christian Terrell,1630715,1610612744,2,1.0,1.0,1.0,0.5,0.0,0.5,2.5,0.2,0.0,0.0,0.0,0.0,0.0
Chuma Okeke,1629643,1610612739,9,5.9,5.2,1.7,0.6,0.4,2.2,4.4,0.5,0.2,0.3,0.667,1.2,0.3
Clarence Daniels,1642386,1610612760,1,7.0,3.0,0.0,0.0,0.0,1.0,5.0,0.2,4.0,4.0,1.0,1.0,1.0
Clint Capela,203991,1610612737,55,8.9,8.5,1.1,0.6,1.0,4.0,7.1,0.559,0.9,1.8,0.536,0.0,0.9
Coby White,1629632,1610612741,74,20.4,3.7,4.5,0.9,0.2,6.9,15.1,0.453,3.7,4.1,0.902,2.9,2.4
Cody Martin,1628998,1610612756,53,6.8,4.2,2.0,1.1,0.6,2.6,6.1,0.418,0.8,1.2,0.705,0.8,1.0
Cody Williams,1642262,1610612762,57,5.4,2.4,1.2,0.5,0.4,2.0,5.6,0.348,0.7,0.9,0.765,0.7,0.9
Colby Jones,1641732,1610612764,39,4.0,2.2,1.1,0.7,0.3,1.5,3.3,0.457,0.6,0.9,0.657,0.4,0.6
Colby Jones,1641732,1610612758,5,10.4,3.8,1.2,1.6,0.2,4.2,11.8,0.356,1.0,1.8,0.556,1.0,3.2
Cole Anthony,1630175,1610612763,67,9.4,3.0,2.9,0.7,0.5,3.4,8.1,0.424,1.4,1.7,0.823,1.1,1.5
Cole Swider,1631306,1610612761,10,5.9,2.7,0.3,0.4,0.2,2.2,6.3,0.349,0.0,0.1,0.0,1.5,0.4
Cole Swider,1631306,1610612748,8,13.5,2.5,0.9,0.4,0.4,4.0,8.4,0.478,2.3,2.5,0.9,3.3,0.6
Colin Castleton,1630658,1610612761,26,4.7,4.7,1.1,0.3,0.4,1.8,3.8,0.469,1.1,1.5,0.763,0.1,0.9
Colin Castleton,1630658,1610612747,8,11.0,9.3,3.5,0.8,0.9,4.3,8.0,0.531,2.3,2.6,0.857,0.3,2.0
Collin Gillespie,1631221,1610612756,33,5.9,2.4,2.4,0.6,0.2,2.1,4.8,0.43,0.6,0.7,0.864,1.2,0.5
Collin Sexton,1629012,1610612762,63,18.4,2.7,4.2,0.7,0.1,6.6,13.8,0.48,3.4,4.0,0.865,1.7,2.5
Corey Kispert,1630557,1610612764,61,11.6,3.0,1.7,0.4,0.2,4.2,9.3,0.451,1.2,1.4,0.852,2.0,1.0
Cormac Ryan,27793,1610612760,7,4.0,2.3,0.3,0.4,0.0,1.0,5.1,0.194,1.0,1.0,1.0,1.0,0.7
Cory Joseph,202709,1610612753,50,3.5,1.5,1.4,0.5,0.1,1.2,3.1,0.403,0.3,0.4,0.778,0.8,0.4
Craig Porter Jr.,1641854,1610612739,54,4.2,1.5,1.5,0.4,0.3,1.6,3.2,0.491,0.6,0.9,0.717,0.4,0.8
Cui Yongxi,1642385,1610612751,5,0.6,0.4,0.0,0.0,0.0,0.2,1.4,0.143,0.2,0.4,0.5,0.0,0.0
Cui Yongxi,1642385,1610612757,3,3.0,0.0,0.3,0.0,0.0,1.0,2.3,0.429,0.3,0.3,1.0,0.7,0.0
D'Angelo Russell,1626156,1610612751,58,12.6,2.8,5.1,1.0,0.4,4.3,11.0,0.39,2.1,2.5,0.834,1.9,1.9
D'Moi Hodge,1641793,1610612759,2,6.5,1.0,1.0,1.0,0.5,2.5,5.0,0.5,0.0,0.0,0.0,1.5,0.5
D.J. Carton,1630618,1610612761,9,5.9,1.8,2.0,1.0,0.2,2.3,5.1,0.457,0.8,1.2,0.636,0.4,1.3
DJ Burns,1642469,1610612739,4,5.8,2.3,1.0,0.8,0.5,2.5,4.5,0.556,0.8,1.0,0.75,0.0,0.8
DJ Horne,1642433,1610612759,6,4.0,2.0,1.2,0.3,0.2,1.5,5.3,0.281,0.5,0.7,0.75,0.5,0.7
DJ Jeffries,27787,1610612763,1,2.0,1.0,0.0,1.0,0.0,1.0,4.0,0.25,0.0,0.0,0.0,0.0,2.0
DJ Rodman,1642485,1610612746,1,1.0,3.0,1.0,0.0,0.0,0.0,1.0,0.0,1.0,2.0,0.5,0.0,0.0
DJ Steward,1630569,1610612741,5,17.4,3.0,6.4,1.4,0.2,6.2,13.2,0.47,2.6,3.0,0.867,2.4,2.2
DaQuan Jeffries,1629610,1610612766,47,6.7,2.9,1.1,0.6,0.5,2.5,6.2,0.405,0.5,0.6,0.8,1.2,0.7
DaRon Holmes II,1641747,1610612743,1,11.0,7.0,1.0,1.0,0.0,4.0,8.0,0.5,0.0,0.0,0.0,3.0,0.0
Daeqwon Plowden,1631342,1610612744,8,14.6,4.4,1.6,0.3,0.9,4.9,10.4,0.47,2.5,3.5,0.714,2.4,1.5
Daeqwon Plowden,1631342,1610612737,6,7.2,1.8,0.3,0.0,0.0,2.7,4.2,0.64,0.3,0.3,1.0,1.5,0.7
Daishen Nix,1630227,1610612750,8,9.6,3.9,4.1,1.6,0.5,2.5,6.3,0.4,4.0,5.5,0.727,0.6,2.8
Dakota Mathias,1629751,1610612754,5,6.6,1.2,0.2,0.0,0.4,2.4,5.2,0.462,0.6,0.6,1.0,1.2,0.4
Dalano Banton,1630625,1610612757,67,8.3,2.0,2.4,0.6,0.5,3.0,7.6,0.391,1.4,1.9,0.728,1.1,1.3
Dalen Terry,1631207,1610612741,73,4.5,1.7,1.3,0.6,0.2,1.6,3.7,0.448,0.7,0.9,0.71,0.5,0.7
Dalton Knecht,1642261,1610612747,84,9.7,2.9,0.9,0.4,0.1,3.5,7.8,0.447,1.0,1.4,0.763,1.7,0.6
Damian Lillard,203081,1610612749,58,24.9,4.7,7.1,1.2,0.2,7.7,17.1,0.448,6.2,6.8,0.921,3.4,2.8
Damion Baugh,1641878,1610612766,15,7.3,3.3,3.7,1.0,0.1,2.8,8.7,0.323,0.9,1.0,0.867,0.8,2.1
Damion Baugh,1641878,1610612752,5,9.0,2.0,1.0,1.8,0.2,3.0,7.4,0.405,1.6,2.0,0.8,1.4,1.2
Damion Lee,1627814,1610612756,25,3.3,0.8,0.4,0.2,0.0,1.1,3.0,0.365,0.8,0.8,0.952,0.4,0.4
Dane Goodwin,1641863,1610612758,2,1.0,1.5,0.0,0.0,0.0,0.5,1.5,0.333,0.0,0.0,0.0,0.0,0.0
Daniel Gafford,1629655,1610612742,57,12.3,6.8,1.4,0.4,1.8,5.0,7.1,0.702,2.4,3.4,0.689,0.0,1.2
Daniel Theis,1628464,1610612740,38,4.3,4.3,1.6,0.5,0.5,1.6,3.4,0.473,0.8,1.0,0.838,0.2,0.7
Daniss Jenkins,1642450,1610612765,12,4.6,1.5,1.8,0.5,0.5,1.5,4.4,0.34,0.9,1.2,0.786,0.7,0.8
Danté Exum,203957,1610612742,20,8.7,1.7,2.8,0.6,0.2,3.2,6.7,0.478,1.2,1.6,0.742,1.2,1.1
Darin Green Jr.,1642432,1610612759,5,3.0,0.6,0.6,0.2,0.0,1.0,3.8,0.263,0.0,0.0,0.0,1.0,0.4
Dario Šarić,203967,1610612743,16,3.5,3.1,1.4,0.4,0.1,1.3,3.6,0.362,0.4,0.6,0.7,0.4,0.9
Dariq Whitehead,1641727,1610612751,24,5.6,2.0,0.7,0.5,0.2,1.9,5.7,0.328,0.4,0.5,0.692,1.5,0.9
Darius Bazley,1629647,1610612762,6,5.8,6.3,1.5,0.2,1.5,2.5,4.2,0.6,0.5,1.2,0.429,0.3,1.7
Darius Brown,1642468,1610612739,5,7.2,2.6,3.6,1.0,0.4,2.8,4.6,0.609,0.2,0.4,0.5,1.4,1.0
Darius Garland,1629636,1610612739,75,20.6,2.9,6.7,1.2,0.1,7.4,15.7,0.472,3.0,3.4,0.878,2.8,2.5
David Duke Jr.,1630561,1610612759,6,2.7,0.8,0.7,0.2,0.0,1.0,2.3,0.429,0.2,0.3,0.5,0.5,0.3
David Jones Garcia,1642357,1610612755,7,9.1,5.6,1.3,1.7,1.0,3.1,7.4,0.423,1.9,2.4,0.765,1.0,2.0
David Muoka,1641987,1610612751,1,2.0,3.0,0.0,0.0,1.0,1.0,1.0,1.0,0.0,0.0,0.0,0.0,3.0
David Roddy,1631223,1610612745,33,4.6,2.5,1.1,0.4,0.3,1.7,3.8,0.456,0.6,0.8,0.769,0.6,0.7
David Roddy,1631223,1610612756,5,14.8,6.4,2.4,0.4,0.8,5.4,11.8,0.458,1.8,2.2,0.818,2.2,2.8
Davion Mitchell,1630558,1610612748,74,7.9,2.3,4.9,1.0,0.2,3.0,6.4,0.468,0.8,1.1,0.69,1.1,1.7
Day'Ron Sharpe,1630549,1610612751,50,7.9,6.6,1.8,0.8,0.8,3.3,6.3,0.521,1.1,1.5,0.757,0.2,1.3
De'Aaron Fox,1628368,1610612759,62,23.5,4.8,6.3,1.5,0.4,8.7,18.8,0.463,4.2,5.1,0.827,1.9,2.8
De'Andre Hunter,1629631,1610612739,64,17.0,4.0,1.4,0.8,0.2,5.6,11.9,0.47,3.4,4.0,0.846,2.5,1.3
De'Anthony Melton,1629001,1610612751,6,10.3,3.3,2.8,1.2,0.3,3.7,9.0,0.407,0.8,1.3,0.625,2.2,1.7
DeAndre Jordan,201599,1610612743,56,3.7,5.1,0.9,0.3,0.5,1.6,2.5,0.65,0.5,1.1,0.422,0.0,0.7
DeJon Jarreau,1630610,1610612763,9,7.9,3.7,2.4,1.0,0.6,2.7,6.7,0.4,2.1,2.4,0.864,0.4,1.0
DeMar DeRozan,201942,1610612758,77,22.2,3.9,4.4,0.8,0.4,8.1,17.0,0.477,4.9,5.7,0.857,1.1,1.4
Dean Wade,1629731,1610612739,59,5.4,4.2,1.3,0.7,0.3,1.9,4.6,0.413,0.3,0.5,0.533,1.4,0.4
Deandre Ayton,1629028,1610612757,40,14.4,10.2,1.6,0.8,1.0,6.6,11.7,0.566,1.0,1.5,0.667,0.2,1.7
Dejounte Murray,1627749,1610612740,31,17.5,6.5,7.4,2.0,0.4,6.3,15.9,0.393,3.3,4.0,0.823,1.7,3.4
Delon Wright,1626153,1610612752,40,3.1,1.7,1.9,0.9,0.3,1.1,3.3,0.344,0.4,0.6,0.6,0.5,0.6
Deni Avdija,1630166,1610612757,72,16.9,7.3,3.9,1.0,0.5,5.6,11.7,0.476,4.0,5.2,0.78,1.7,2.7
Dennis Schröder,203471,1610612765,75,13.1,2.6,5.4,0.9,0.2,4.5,11.0,0.406,2.4,2.9,0.838,1.7,1.9
Dereck Lively II,1641726,1610612742,36,8.7,7.5,2.4,0.6,1.6,3.7,5.3,0.702,1.3,2.0,0.63,0.0,1.1
Dereon Seabron,1631220,1610612741,3,8.7,4.3,2.7,0.0,0.3,2.7,5.0,0.533,2.7,3.3,0.8,0.7,1.3
Derrick Jones Jr.,1627884,1610612746,77,10.1,3.4,0.8,1.0,0.4,4.0,7.6,0.526,1.1,1.5,0.703,1.0,0.9
Derrick White,1628401,1610612738,76,16.4,4.5,4.8,0.9,1.1,5.6,12.6,0.442,1.8,2.1,0.839,3.5,1.7
Desmond Bane,1630217,1610612753,69,19.2,6.1,5.3,1.2,0.4,7.1,14.8,0.484,2.6,2.9,0.894,2.4,2.4
Devin Booker,1626164,1610612756,75,25.6,4.1,7.1,0.9,0.2,8.7,18.9,0.461,5.8,6.4,0.894,2.4,2.9
Devin Cannady,1629962,1610612752,4,4.5,0.5,0.5,0.3,0.0,1.5,3.5,0.429,0.0,0.0,0.0,1.5,0.3
Devin Carter,1642269,1610612758,36,3.8,2.1,1.1,0.6,0.1,1.3,3.5,0.37,0.7,1.2,0.591,0.5,0.5
Devin Vassell,1630170,1610612759,64,16.3,4.0,2.9,1.3,0.5,6.2,13.9,0.443,1.5,1.9,0.792,2.5,1.4
Devine Eke,27802,1610612749,1,1.0,0.0,0.0,0.0,0.0,0.0,0.0,0.0,1.0,2.0,0.5,0.0,0.0
Devon Higgs,1642045,1610612765,3,1.0,0.3,0.0,0.0,0.0,0.3,1.3,0.25,0.0,0.0,0.0,0.3,0.7
Dexter Dennis,1641926,1610612739,5,5.2,3.6,1.4,0.6,0.6,2.0,5.2,0.385,0.8,1.2,0.667,0.4,1.4
Dillon Brooks,1628415,1610612745,75,14.0,3.7,1.7,0.8,0.2,5.1,11.9,0.429,1.3,1.6,0.818,2.5,1.0
Dillon Jones,1641794,1610612760,59,3.4,2.7,1.3,0.4,0.1,1.3,3.3,0.391,0.5,0.7,0.628,0.4,0.7
Dmytro Skapintsev,1631376,1610612752,5,13.0,7.0,1.4,1.0,1.0,4.6,6.6,0.697,3.6,4.6,0.783,0.2,1.6
Domantas Sabonis,1627734,1610612758,70,19.1,13.9,6.0,0.7,0.4,7.5,12.8,0.59,3.1,4.1,0.754,0.9,2.9
Dominick Barlow,1631230,1610612737,35,4.2,2.4,0.5,0.3,0.5,1.7,3.2,0.531,0.6,0.9,0.636,0.2,0.1
Donovan Clingan,1642270,1610612757,71,6.6,8.1,1.2,0.5,1.8,2.7,5.3,0.519,0.9,1.5,0.591,0.2,1.2
Donovan Mitchell,1628378,1610612739,71,24.0,4.5,5.0,1.3,0.2,8.2,18.6,0.443,4.2,5.1,0.823,3.3,2.1
Donovan Williams,1631495,1610612759,5,11.0,4.0,2.0,0.2,0.2,3.2,6.4,0.5,3.4,4.4,0.773,1.2,1.6
Donta Scott,1642429,1610612744,7,4.9,3.6,0.6,0.3,0.4,1.9,5.3,0.351,0.6,0.9,0.667,0.6,0.6
Donte DiVincenzo,1628978,1610612750,62,11.7,3.7,3.6,1.2,0.3,4.0,9.6,0.422,0.8,1.0,0.778,2.8,1.6
Dorian Finney-Smith,1627827,1610612747,63,8.7,3.9,1.4,0.9,0.4,3.1,6.9,0.448,0.5,0.7,0.667,2.0,0.9
Doug McDermott,203926,1610612758,42,3.5,0.5,0.2,0.1,0.0,1.2,2.8,0.427,0.1,0.1,0.6,1.0,0.1
Draymond Green,203110,1610612744,68,9.0,6.1,5.6,1.5,1.0,3.2,7.5,0.424,1.5,2.2,0.687,1.2,2.6
Drew Eubanks,1629234,1610612746,61,4.6,3.7,0.9,0.2,0.6,1.9,3.2,0.593,0.8,1.2,0.662,0.0,0.7
Drew Pember,1642418,1610612763,5,3.0,1.2,0.8,0.0,0.6,1.2,2.2,0.545,0.2,0.8,0.25,0.4,0.4
Drew Pember,1642418,1610612766,1,2.0,4.0,0.0,0.0,0.0,1.0,4.0,0.25,0.0,0.0,0.0,0.0,0.0
Drew Peterson,1641809,1610612738,28,2.7,1.8,0.7,0.3,0.1,0.9,2.3,0.397,0.3,0.4,0.75,0.6,0.5
Drew Timme,1631166,1610612751,9,12.1,7.2,2.2,0.4,0.1,5.0,11.3,0.441,1.1,1.8,0.625,1.0,1.7
Drew Timme,1631166,1610612758,5,11.4,4.4,1.6,1.0,0.2,4.8,7.6,0.632,1.6,2.2,0.727,0.2,2.2
Dru Smith,1630696,1610612748,14,6.2,2.6,1.6,1.5,0.4,2.2,4.4,0.508,0.6,0.9,0.75,1.1,1.2
Duane Washington Jr.,1630613,1610612752,5,14.8,2.2,1.4,0.8,0.2,5.2,12.6,0.413,2.6,3.0,0.867,1.8,2.6
Duncan Robinson,1629130,1610612748,74,11.0,2.3,2.4,0.5,0.1,3.9,9.0,0.437,0.6,0.7,0.887,2.6,1.2
Duop Reath,1641871,1610612757,46,4.2,2.0,0.6,0.3,0.3,1.5,3.6,0.422,0.4,0.5,0.909,0.7,0.3
Dwight Powell,203939,1610612742,55,2.1,2.1,1.0,0.3,0.4,0.8,1.1,0.689,0.5,0.8,0.651,0.0,0.3
Dylan Disu,1642463,1610612761,3,3.0,2.0,0.0,0.0,1.7,1.3,4.3,0.308,0.0,0.0,0.0,0.3,0.0
Dylan Windler,1629685,1610612737,4,12.3,8.0,2.0,1.3,0.3,4.3,9.3,0.459,0.5,0.5,1.0,3.3,3.8
Dyson Daniels,1630700,1610612737,76,14.1,5.9,4.4,3.0,0.7,6.0,12.1,0.493,1.1,1.8,0.593,1.1,2.0
E.J. Liddell,1630604,1610612741,12,1.8,0.8,0.3,0.1,0.1,0.7,1.3,0.533,0.2,0.2,1.0,0.3,0.2
E.J. Liddell,1630604,1610612737,5,7.8,4.0,1.0,0.0,1.2,2.0,6.0,0.333,3.2,4.2,0.762,0.6,1.0
Elfrid Payton,203901,1610612740,24,3.5,3.3,6.9,1.0,0.5,1.7,5.1,0.328,0.2,0.3,0.571,0.0,2.5
Elijah Harkless,1641989,1610612762,10,3.2,2.1,0.8,1.0,0.1,1.1,3.5,0.314,0.3,0.6,0.5,0.7,0.3
Elijah Harkless,1641989,1610612746,5,7.6,2.8,1.2,0.8,0.4,2.2,5.6,0.393,2.2,2.8,0.786,1.0,1.0
Emanuel Miller,1641801,1610612741,6,1.7,1.3,0.3,0.2,0.0,0.7,1.3,0.5,0.3,0.3,1.0,0.0,0.0
Emanuel Miller,1641801,1610612742,5,7.8,6.0,2.4,2.0,0.6,3.2,6.8,0.471,0.8,1.4,0.571,0.6,0.8
"Emmitt Matthews, Jr.",1642044,1610612737,2,1.0,1.0,1.0,0.0,0.0,0.0,1.0,0.0,1.0,1.0,1.0,0.0,1.5
Emoni Bates,1641734,1610612739,14,7.3,1.4,1.2,0.1,0.1,2.4,6.9,0.354,0.9,0.9,1.0,1.5,0.6
Enrique Freeman,1642402,1610612754,27,3.2,1.9,0.5,0.2,0.3,1.2,2.4,0.508,0.7,1.1,0.6,0.1,0.5
Eric Gordon,201569,1610612755,39,6.8,1.2,1.7,0.7,0.3,2.2,5.2,0.426,0.9,1.2,0.75,1.4,0.7
Erik Stevenson,1641907,1610612764,3,6.7,1.3,1.0,1.0,0.3,2.3,4.0,0.583,0.7,0.7,1.0,1.3,0.3
Ethan Thompson,1630679,1610612744,8,12.9,4.4,2.1,2.0,0.6,4.0,9.0,0.444,3.6,4.0,0.906,1.3,2.1
Eugene Omoruyi,1630647,1610612764,1,8.0,5.0,2.0,4.0,1.0,1.0,9.0,0.111,5.0,8.0,0.625,1.0,3.0
Evan Mobley,1630596,1610612739,71,18.5,9.3,3.2,0.9,1.6,7.1,12.8,0.557,3.1,4.3,0.725,1.2,2.0
Fabian White Jr.,1631261,1610612745,4,1.0,2.8,0.0,0.0,0.3,0.5,1.8,0.286,0.0,0.0,0.0,0.0,0.3
Fardaws Aimaq,1642498,1610612743,3,4.0,4.3,1.3,0.0,0.0,1.7,4.3,0.385,0.7,0.7,1.0,0.0,1.7
Franz Wagner,1630532,1610612753,60,24.2,5.7,4.7,1.3,0.4,9.0,19.4,0.463,4.5,5.2,0.871,1.7,2.3
Fred VanVleet,1627832,1610612745,60,14.1,3.7,5.6,1.6,0.4,4.8,12.7,0.378,1.9,2.3,0.81,2.7,1.5
Freddie Gillespie,1630273,1610612763,2,3.0,5.0,0.0,0.0,1.0,0.5,1.5,0.333,2.0,2.5,0.8,0.0,1.0
GG Jackson,1641713,1610612763,37,10.1,4.2,1.2,0.5,0.2,3.6,9.1,0.396,1.5,2.2,0.659,1.4,1.4
Gabe Brown,1631122,1610612748,2,1.5,1.0,1.0,1.5,0.0,0.5,5.0,0.1,0.0,0.0,0.0,0.5,1.0
Gabe Kalscheur,1641882,1610612750,2,5.0,1.0,0.5,1.0,0.0,2.0,5.5,0.364,0.5,0.5,1.0,0.5,0.0
Gabe McGlothan,1642440,1610612743,5,2.8,4.0,0.2,0.4,0.4,1.0,2.4,0.417,0.2,0.4,0.5,0.6,0.6
Gabe Osabuohien,1631436,1610612739,4,2.3,1.3,1.8,0.8,0.5,0.5,1.0,0.5,1.0,1.3,0.8,0.3,1.3
Gabe Vincent,1629216,1610612747,72,6.4,1.3,1.4,0.7,0.2,2.3,5.8,0.4,0.2,0.3,0.714,1.5,0.6
Garrett Temple,202066,1610612761,28,1.9,1.0,1.1,0.6,0.1,0.6,2.1,0.3,0.4,0.4,0.917,0.2,0.4
Garrison Brooks,1631365,1610612741,4,3.5,3.8,0.8,0.5,0.8,1.5,3.0,0.5,0.0,0.0,0.0,0.5,1.0
Garrison Mathews,1629726,1610612737,47,7.5,1.9,1.3,0.6,0.3,2.2,5.5,0.397,1.4,1.7,0.821,1.8,0.7
Gary Harris,203914,1610612753,48,3.0,1.3,0.6,0.5,0.3,1.1,2.8,0.383,0.1,0.3,0.583,0.8,0.4
Gary Payton II,1627780,1610612744,62,6.5,3.0,1.3,0.8,0.3,2.8,4.8,0.574,0.4,0.6,0.711,0.5,0.6
Gary Trent Jr.,1629018,1610612749,74,11.1,2.3,1.2,1.0,0.1,3.8,8.9,0.431,1.1,1.2,0.848,2.4,0.6
Georges Niang,1627777,1610612737,79,9.9,3.4,1.4,0.4,0.2,3.6,7.8,0.461,0.6,0.7,0.793,2.1,1.0
Giannis Antetokounmpo,203507,1610612749,67,30.4,11.9,6.5,0.9,1.2,11.8,19.7,0.601,6.5,10.6,0.617,0.2,3.1
Giorgi Bezhanishvili,1630793,1610612754,2,0.0,0.5,0.0,0.0,0.0,0.0,0.0,0.0,0.0,0.0,0.0,0.0,1.5
Goga Bitadze,1629048,1610612753,70,7.2,6.6,2.0,0.7,1.4,3.0,4.8,0.611,1.2,1.9,0.639,0.0,1.0
Gradey Dick,1641711,1610612761,56,14.3,3.7,1.9,0.9,0.2,4.9,12.0,0.406,2.5,2.9,0.863,2.0,1.6
Grant Williams,1629684,1610612766,16,10.4,5.1,2.3,1.1,0.8,3.4,7.7,0.439,1.9,2.3,0.838,1.7,1.8
Grayson Allen,1628960,1610612756,64,10.6,3.0,2.1,0.8,0.3,3.4,7.6,0.448,1.5,1.8,0.816,2.3,1.2
Grayson Murphy,1642438,1610612747,2,2.5,7.5,5.5,2.0,0.0,1.0,1.5,0.667,0.5,1.0,0.5,0.0,0.0
Guerschon Yabusele,1627824,1610612755,70,11.0,5.6,2.1,0.8,0.3,4.0,8.0,0.501,1.4,2.0,0.725,1.5,1.2
Gui Santos,1630611,1610612744,56,4.1,3.1,1.4,0.4,0.2,1.5,3.2,0.458,0.5,0.8,0.69,0.6,0.8
Harrison Barnes,203084,1610612759,82,12.3,3.8,1.7,0.5,0.2,4.2,8.3,0.508,2.0,2.4,0.809,1.9,0.6
Harrison Ingram,1631127,1610612759,12,6.2,4.6,1.1,0.8,0.1,2.3,6.0,0.389,0.4,1.1,0.385,1.1,1.0
Haywood Highsmith,1629312,1610612748,74,6.5,3.4,1.5,0.9,0.5,2.4,5.3,0.458,0.4,0.6,0.721,1.2,0.7
Henri Drell,1630929,1610612741,5,7.0,4.0,1.6,1.4,0.4,2.6,7.0,0.371,1.0,1.6,0.625,0.8,1.8
Herbert Jones,1630529,1610612740,20,10.3,3.9,3.3,1.9,0.5,3.8,8.6,0.436,1.7,2.0,0.825,1.1,1.8
Hugo Besson,1630656,1610612749,4,7.8,2.3,3.3,0.8,0.0,2.0,6.0,0.333,3.3,4.5,0.722,0.5,1.3
Hunter Cattoor,1642470,1610612739,4,7.3,2.3,1.3,1.0,0.0,2.0,5.5,0.364,1.3,1.3,1.0,2.0,0.5
Hunter Maldonado,1642104,1610612760,7,8.0,3.4,3.4,1.3,0.3,2.6,6.4,0.4,2.6,3.7,0.692,0.3,2.7
Hunter Tyson,1641816,1610612743,56,3.8,1.8,0.5,0.2,0.1,1.2,3.4,0.354,0.8,0.9,0.84,0.6,0.3
Hyunjung Lee,1631253,1610612757,2,5.0,5.5,2.0,0.0,0.0,2.0,7.5,0.267,1.0,2.0,0.5,0.0,0.0
Ibou Badji,1630641,1610612749,4,2.3,3.3,0.0,0.5,1.0,0.8,1.5,0.5,0.8,0.8,1.0,0.0,0.5
Ibrahima Diallo,1642496,1610612759,4,3.5,5.3,0.5,0.3,0.8,1.0,2.8,0.364,1.5,2.0,0.75,0.0,0.5
Immanuel Quickley,1630193,1610612761,33,17.1,3.5,5.8,0.7,0.1,5.6,13.3,0.42,3.4,3.9,0.867,2.6,1.8
Isaac Jones,1642403,1610612758,45,4.2,2.0,0.5,0.2,0.4,1.6,2.8,0.597,0.8,1.2,0.685,0.1,0.5
Isaac Okoro,1630171,1610612739,55,6.1,2.4,1.2,0.6,0.3,2.3,4.9,0.464,0.6,0.8,0.717,1.0,0.4
Isaiah Collier,1642268,1610612762,78,8.9,3.3,6.1,1.0,0.2,3.4,8.0,0.425,1.5,2.3,0.682,0.6,2.9
Isaiah Crawford,1642384,1610612758,20,2.3,0.8,0.4,0.2,0.2,0.8,1.6,0.5,0.3,0.4,0.75,0.4,0.2
Isaiah Hartenstein,1628392,1610612760,57,11.2,10.7,3.8,0.8,1.1,4.9,8.4,0.581,1.4,2.1,0.675,0.0,1.7
Isaiah Jackson,1630543,1610612754,5,7.0,5.6,1.0,0.6,1.6,2.8,4.6,0.609,1.4,2.8,0.5,0.0,1.0
Isaiah Joe,1630198,1610612760,74,10.2,2.6,1.6,0.6,0.1,3.5,7.9,0.44,0.6,0.8,0.821,2.6,0.5
Isaiah Miller,1630627,1610612763,8,6.8,4.0,2.0,2.3,0.1,2.8,8.0,0.344,0.8,1.0,0.75,0.5,0.6
Isaiah Mobley,1630600,1610612755,1,6.0,4.0,5.0,1.0,1.0,2.0,7.0,0.286,1.0,2.0,0.5,1.0,0.0
Isaiah Stevens,1641815,1610612748,11,6.4,2.2,5.0,0.7,0.2,2.4,3.9,0.605,0.7,0.8,0.889,0.9,1.7
Isaiah Stewart,1630191,1610612765,72,6.0,5.5,1.7,0.4,1.4,2.4,4.4,0.559,0.9,1.2,0.759,0.2,0.9
Isaiah Todd,1630225,1610612753,3,2.7,1.0,0.3,0.0,0.0,1.0,1.7,0.6,0.7,0.7,1.0,0.0,0.3
Isaiah Whaley,1631348,1610612742,5,5.6,4.6,1.0,0.6,0.8,2.2,3.6,0.611,0.8,1.0,0.8,0.4,0.2
Isaiah Wong,1631209,1610612766,20,6.0,1.6,1.4,0.6,0.0,2.1,5.3,0.39,1.3,1.7,0.735,0.7,0.9
Isaiah Wong,1631209,1610612756,5,12.0,1.6,1.2,0.2,0.2,4.4,6.6,0.667,2.8,3.6,0.778,0.4,0.8
Ivica Zubac,1627826,1610612746,80,16.8,12.6,2.7,0.7,1.1,7.4,11.8,0.628,2.0,3.0,0.661,0.0,1.6
Izaiah Brockington,1631167,1610612740,4,7.0,4.5,1.0,1.0,0.0,2.5,6.0,0.417,1.8,2.3,0.778,0.3,1.5
JD Davison,1631120,1610612738,19,3.6,1.2,1.6,0.3,0.2,1.3,2.9,0.446,0.5,0.8,0.667,0.5,1.2
JT Thor,1630550,1610612764,20,3.6,2.4,0.3,0.4,0.5,1.3,3.0,0.424,0.8,1.1,0.682,0.3,0.5
Ja Morant,1629630,1610612763,50,23.2,4.1,7.3,1.2,0.2,8.1,17.8,0.454,5.3,6.4,0.824,1.8,3.7
Ja'Kobe Walter,1642266,1610612761,57,8.9,3.1,1.5,0.8,0.2,3.1,7.7,0.398,1.5,1.9,0.811,1.2,1.0
Jabari Smith Jr.,1631095,1610612745,57,12.2,7.0,1.1,0.4,0.7,4.4,9.9,0.438,1.8,2.2,0.825,1.7,1.1
Jabari Walker,1631133,1610612757,60,5.2,3.5,0.6,0.6,0.1,2.0,3.8,0.515,0.8,1.2,0.69,0.5,0.6
Jack Gohlke,27789,1610612760,4,1.5,0.3,0.0,0.0,0.0,0.5,1.3,0.4,0.0,0.0,0.0,0.5,0.0
Jack McVeigh,1629098,1610612745,9,1.6,0.6,0.1,0.0,0.2,0.6,1.9,0.294,0.0,0.0,0.0,0.4,0.2
Jackson Rowe,1642050,1610612744,13,6.6,3.8,1.3,1.1,0.1,2.5,5.2,0.485,0.5,1.0,0.538,1.0,0.9
Jacob Gilyard,1631367,1610612751,3,8.0,2.3,5.7,3.3,0.3,2.7,6.0,0.444,0.7,1.0,0.667,2.0,2.3
Jacob Toppin,1631210,1610612737,17,1.4,0.9,0.4,0.1,0.0,0.5,1.3,0.409,0.0,0.0,0.0,0.3,0.2
Jacob Toppin,1631210,1610612752,2,12.0,4.0,3.0,0.5,0.5,5.0,9.5,0.526,1.0,2.5,0.4,1.0,1.5
Jaden Hardy,1630702,1610612742,57,8.7,1.6,1.4,0.5,0.1,3.2,7.3,0.435,1.1,1.5,0.698,1.3,1.4
Jaden Ivey,1631093,1610612765,30,17.6,4.1,4.0,0.9,0.4,6.3,13.8,0.46,2.8,3.9,0.733,2.1,3.0
Jaden McDaniels,1630183,1610612750,82,12.2,5.7,2.0,1.3,0.9,4.9,10.2,0.477,1.3,1.6,0.813,1.2,1.2
Jaden Shackelford,1631455,1610612760,5,11.0,1.8,2.6,0.8,0.2,3.4,8.0,0.425,1.2,1.4,0.857,3.0,1.2
Jaden Springer,1630531,1610612762,43,2.5,1.3,0.8,0.6,0.1,0.8,2.1,0.389,0.6,0.9,0.711,0.3,0.4
Jaden Springer,1630531,1610612738,1,23.0,2.0,6.0,2.0,0.0,8.0,15.0,0.533,4.0,4.0,1.0,3.0,0.0
Jae Crowder,203109,1610612758,9,2.6,2.2,0.7,0.3,0.0,0.8,2.4,0.318,0.6,0.7,0.833,0.4,0.4
Jae'Sean Tate,1630256,1610612745,52,3.6,2.3,0.9,0.5,0.1,1.3,2.8,0.473,0.6,0.9,0.681,0.3,0.4
Jaedon LeDee,1642405,1610612750,5,2.6,2.0,0.2,0.8,0.2,0.8,1.6,0.5,0.8,1.2,0.667,0.2,0.4
Jaelen House,1642409,1610612738,4,10.8,2.8,4.3,0.5,0.3,3.5,9.5,0.368,2.8,3.5,0.786,1.0,1.8
Jahlil Okafor,1626143,1610612754,1,0.0,1.0,1.0,0.0,0.0,0.0,0.0,0.0,0.0,0.0,0.0,0.0,0.0
Jahmi'us Ramsey,1630186,1610612738,3,14.7,2.7,2.3,1.0,0.3,5.0,8.0,0.625,2.3,2.7,0.875,2.3,2.7
Jahmir Young,1642443,1610612741,6,1.8,0.5,1.0,0.0,0.0,0.7,0.8,0.8,0.3,0.3,1.0,0.2,0.2
Jahmir Young,1642443,1610612743,5,9.2,3.2,2.8,0.4,0.2,3.0,7.0,0.429,2.8,3.6,0.778,0.4,1.4
Jaime Jaquez Jr.,1631170,1610612748,68,9.1,4.5,2.5,0.9,0.2,3.4,7.3,0.469,1.8,2.3,0.759,0.6,1.6
Jake LaRavia,1631222,1610612758,66,6.9,3.9,2.4,0.9,0.3,2.4,5.1,0.475,1.2,1.7,0.678,0.9,1.3
Jake LaRavia,1631222,1610612763,5,17.6,4.2,3.2,2.8,0.2,5.4,11.8,0.458,5.0,6.0,0.833,1.8,2.8
Jake Stephens,1641868,1610612766,8,11.6,6.8,1.3,0.4,1.1,4.3,8.1,0.523,1.5,2.0,0.75,1.6,1.4
Jakob Poeltl,1627751,1610612761,57,14.5,9.6,2.8,1.2,1.2,6.4,10.2,0.627,1.7,2.5,0.674,0.0,1.9
Jalen Bridges,1641779,1610612756,13,4.8,1.2,0.4,0.5,0.1,1.5,3.8,0.408,0.5,0.6,0.875,1.2,0.4
Jalen Brunson,1628973,1610612752,65,26.0,2.9,7.3,0.9,0.1,9.0,18.5,0.488,5.7,6.9,0.821,2.3,2.5
Jalen Duren,1631105,1610612765,78,11.8,10.3,2.7,0.7,1.1,4.8,7.0,0.692,2.1,3.1,0.669,0.0,1.7
Jalen Green,1630224,1610612745,82,21.0,4.6,3.4,0.9,0.3,7.4,17.5,0.423,3.3,4.1,0.813,2.9,2.5
Jalen Hood-Schifino,1641720,1610612755,15,7.1,1.8,2.5,0.3,0.5,2.5,6.5,0.378,1.2,1.4,0.857,0.9,1.2
Jalen Johnson,1630552,1610612737,36,18.9,10.0,5.0,1.6,1.0,7.5,15.1,0.5,2.6,3.5,0.746,1.2,2.9
Jalen Lewis,1642395,1610612749,1,0.0,0.0,0.0,0.0,0.0,0.0,0.0,0.0,0.0,0.0,0.0,0.0,0.0
Jalen McDaniels,1629667,1610612764,4,0.0,0.0,0.3,0.3,0.0,0.0,0.0,0.0,0.0,0.0,0.0,0.0,0.0
Jalen Pickett,1629618,1610612743,53,4.0,1.5,2.2,0.4,0.1,1.5,3.8,0.402,0.2,0.2,0.75,0.8,0.5
Jalen Slawson,1641771,1610612765,5,3.6,2.8,0.4,0.8,1.0,1.2,3.4,0.353,0.8,1.6,0.5,0.4,1.6
Jalen Smith,1630188,1610612741,64,8.2,5.6,1.0,0.3,0.7,3.0,6.4,0.466,1.1,1.4,0.809,1.1,0.6
Jalen Suggs,1630591,1610612753,35,16.2,4.0,3.7,1.5,0.9,5.6,13.7,0.41,2.8,3.1,0.882,2.2,2.9
Jalen Williams,1631114,1610612760,69,21.6,5.3,5.1,1.6,0.7,8.2,16.9,0.484,3.4,4.3,0.789,1.8,2.2
Jalen Wilson,1630592,1610612751,84,10.2,3.5,1.8,0.5,0.1,3.3,8.3,0.405,1.8,2.2,0.826,1.7,1.1
Jamal Cain,1631288,1610612740,37,5.3,2.3,0.6,0.6,0.2,1.8,4.3,0.43,0.9,1.4,0.68,0.7,0.6
Jamal Murray,1627750,1610612743,67,21.4,3.9,6.0,1.4,0.5,7.9,16.7,0.474,3.3,3.7,0.886,2.3,2.1
Jamal Shead,1642347,1610612761,80,7.2,1.7,4.2,0.8,0.2,2.8,6.8,0.406,0.7,1.0,0.747,0.9,1.6
Jamaree Bouyea,1631123,1610612759,8,11.3,3.0,3.5,2.0,0.8,4.1,10.8,0.384,2.0,2.4,0.842,1.0,1.9
Jamaree Bouyea,1631123,1610612749,5,3.4,1.0,2.0,0.8,0.4,1.2,2.4,0.5,0.8,1.2,0.667,0.2,1.6
Jamarion Sharp,1642481,1610612742,5,2.6,4.6,0.4,0.0,2.6,1.2,1.8,0.667,0.2,0.8,0.25,0.0,1.0
Jameer Nelson Jr.,1642392,1610612759,8,4.1,0.8,1.3,0.0,0.0,1.6,5.9,0.277,0.4,0.6,0.6,0.5,0.6
James Akinjo,1631231,1610612749,2,2.0,0.0,1.0,0.0,0.0,1.0,1.0,1.0,0.0,0.0,0.0,0.0,2.0
James Banks III,1630791,1610612766,7,6.0,4.1,0.4,0.4,1.7,2.7,5.3,0.514,0.6,0.7,0.8,0.0,0.9
James Bishop IV,1642458,1610612750,1,3.0,1.0,1.0,1.0,0.0,1.0,1.0,1.0,0.0,0.0,0.0,1.0,1.0
James Caron Butler Jr.,1641925,1610612748,4,1.5,1.3,0.0,0.0,0.3,0.5,1.8,0.286,0.3,0.5,0.5,0.3,0.3
James Harden,201935,1610612746,79,22.8,5.8,8.7,1.5,0.7,6.7,16.4,0.41,6.4,7.3,0.874,3.0,4.3
James Johnson,201949,1610612754,12,0.7,0.5,0.3,0.0,0.2,0.3,0.9,0.364,0.0,0.1,0.0,0.0,0.3
James Wiseman,1630164,1610612754,1,6.0,1.0,0.0,0.0,0.0,2.0,4.0,0.5,2.0,2.0,1.0,0.0,0.0
Jamir Chaplin,27801,1610612749,2,1.0,0.5,0.0,0.0,0.0,0.5,2.0,0.25,0.0,0.0,0.0,0.0,0.0
Jamison Battle,1642419,1610612761,64,7.1,2.5,0.9,0.3,0.2,2.5,5.8,0.438,0.3,0.3,0.9,1.8,0.4
Jamuni McNeace,1642427,1610612754,2,3.0,2.0,1.0,0.0,0.5,1.5,1.5,1.0,0.0,1.0,0.0,0.0,1.0
Jarace Walker,1641716,1610612754,79,6.7,3.3,1.6,0.7,0.4,2.4,5.2,0.466,0.8,1.1,0.693,1.1,1.3
Jared Butler,1630215,1610612755,60,9.0,1.8,3.7,0.7,0.2,3.4,7.6,0.448,1.3,1.5,0.824,1.0,1.3
Jared McCain,1642272,1610612755,31,14.4,3.1,2.5,0.7,0.0,5.0,12.2,0.412,2.3,2.6,0.864,2.1,1.6
Jared Rhoden,1631197,1610612761,14,8.4,3.0,1.1,0.7,0.1,3.0,6.2,0.483,1.6,1.8,0.88,0.9,0.6
Jared Rhoden,1631197,1610612753,5,9.4,3.6,2.0,0.6,0.2,3.4,7.6,0.447,1.4,1.6,0.875,1.2,1.0
Jaren Jackson Jr.,1628991,1610612763,74,22.2,5.6,2.0,1.2,1.5,8.0,16.4,0.488,4.2,5.4,0.781,2.0,2.1
Jarkel Joiner,1641935,1610612737,5,7.6,3.0,3.4,0.8,0.0,2.4,6.4,0.375,1.8,3.0,0.6,1.0,1.2
Jarod Lucas,1642480,1610612742,4,7.5,1.0,1.0,0.3,0.0,2.0,4.8,0.421,2.3,2.5,0.9,1.3,0.8
Jarred Vanderbilt,1629020,1610612747,36,4.1,5.1,1.1,1.0,0.3,1.6,3.4,0.488,0.6,1.0,0.556,0.3,0.8
Jarrett Allen,1628386,1610612739,82,13.5,9.7,1.9,0.9,0.9,5.5,7.8,0.706,2.4,3.4,0.718,0.0,1.2
Jarrett Culver,1629633,1610612753,5,9.8,6.2,3.8,1.2,0.4,3.4,8.2,0.415,2.2,3.2,0.688,0.8,2.4
Jason Preston,1630554,1610612762,2,5.0,3.5,3.0,0.5,0.0,1.5,5.0,0.3,0.5,1.0,0.5,1.5,1.0
Javan Johnson,1641881,1610612757,2,6.5,2.5,0.5,0.5,0.5,2.5,5.5,0.455,0.0,0.0,0.0,1.5,1.0
Javante McCoy,1631322,1610612765,4,4.8,2.5,2.0,1.0,0.0,2.0,5.0,0.4,0.5,0.8,0.667,0.3,1.0
Javon Freeman-Liberty,1631241,1610612761,4,14.3,3.3,1.5,0.8,0.5,4.8,12.3,0.388,2.8,3.5,0.786,2.0,1.3
Javonte Green,1629750,1610612739,68,5.1,3.2,0.8,1.0,0.5,1.8,4.2,0.429,0.8,1.1,0.724,0.7,0.5
Javonte Smart,1630606,1610612741,5,6.2,0.6,2.8,1.0,0.2,1.8,5.6,0.321,1.4,1.8,0.778,1.2,1.6
Jaxson Hayes,1629637,1610612747,56,6.8,4.8,1.0,0.6,0.9,2.9,4.0,0.722,1.1,1.8,0.622,0.0,0.8
Jay Huff,1630643,1610612763,64,6.9,2.0,0.6,0.3,0.9,2.5,4.8,0.515,0.7,0.9,0.786,1.3,0.5
Jay Huff,1630643,1610612753,5,16.8,5.0,1.6,0.2,2.2,7.2,11.6,0.621,1.4,1.8,0.778,1.0,2.0
Jayce Johnson,1631384,1610612765,5,7.6,4.4,0.4,0.4,0.4,3.0,4.8,0.625,1.6,2.4,0.667,0.0,0.6
Jaykwon Walton,27794,1610612760,1,0.0,0.0,0.0,0.0,0.0,0.0,0.0,0.0,0.0,0.0,0.0,0.0,0.0
Jaylen Brown,1627759,1610612738,63,22.2,5.8,4.5,1.2,0.3,8.2,17.7,0.463,3.9,5.1,0.764,1.8,2.6
Jaylen Clark,1641740,1610612750,44,4.0,1.3,0.7,1.1,0.1,1.4,3.3,0.428,0.7,0.9,0.769,0.5,0.2
Jaylen Martin,1641798,1610612764,16,4.9,2.8,1.1,0.6,0.0,1.9,4.6,0.419,0.6,0.6,0.9,0.4,0.8
Jaylen Martin,1641798,1610612751,5,10.2,6.0,2.4,2.4,0.4,3.2,8.2,0.39,3.4,4.0,0.85,0.4,2.2
Jaylen Nowell,1629669,1610612740,8,8.4,2.5,2.3,0.1,0.5,3.3,9.1,0.356,0.9,1.4,0.636,1.0,1.0
Jaylen Sims,1631301,1610612766,6,7.0,1.0,2.0,0.5,0.2,2.0,4.7,0.429,2.0,2.5,0.8,1.0,1.3
Jaylen Sims,1631301,1610612755,6,2.8,1.5,0.7,0.0,0.2,0.7,1.2,0.571,0.8,1.2,0.714,0.7,0.3
Jaylen Wells,1642377,1610612763,87,10.7,3.4,1.7,0.6,0.1,3.7,8.8,0.424,1.5,1.8,0.839,1.8,0.9
Jaylin Galloway,1641945,1610612749,5,2.4,1.6,0.6,0.0,0.2,1.0,2.4,0.417,0.0,0.4,0.0,0.4,0.8
Jaylin Williams,1631119,1610612760,47,5.9,5.6,2.6,0.5,0.6,2.1,4.7,0.439,0.5,0.6,0.767,1.3,0.7
Jaylin Williams,1642444,1610612743,3,2.7,1.3,0.3,0.3,0.3,0.7,3.3,0.2,1.3,1.3,1.0,0.0,0.3
Jaylon Tyson,1642281,1610612739,52,4.7,2.5,1.3,0.4,0.1,1.8,3.8,0.47,0.6,0.7,0.833,0.5,0.8
Jayson Tatum,1628369,1610612738,72,26.8,8.7,6.0,1.1,0.5,9.2,20.3,0.452,5.0,6.1,0.814,3.5,2.9
Jayvon Graves,1630713,1610612739,3,5.0,3.3,1.0,0.3,0.3,1.7,5.3,0.313,1.3,2.0,0.667,0.3,0.3
Jazian Gortman,1641789,1610612742,21,3.7,0.9,1.2,0.3,0.0,1.3,3.0,0.438,0.3,0.5,0.7,0.7,1.0
Jeff Dowtin Jr.,1630288,1610612755,44,7.6,1.6,2.1,0.6,0.3,3.0,6.0,0.5,0.9,1.3,0.745,0.8,0.4
Jeff Green,201145,1610612745,32,5.4,1.8,0.6,0.2,0.1,1.9,3.8,0.504,0.7,0.8,0.808,0.9,0.3
Jerami Grant,203924,1610612757,47,14.4,3.5,2.1,0.9,1.0,4.6,12.2,0.373,3.0,3.5,0.849,2.3,1.4
Jeremiah Robinson-Earl,1630526,1610612740,66,6.3,4.8,1.3,0.6,0.1,2.4,5.3,0.455,0.7,0.8,0.836,0.8,0.8
Jeremy Sochan,1631110,1610612759,54,11.4,6.5,2.4,0.8,0.5,4.6,8.7,0.535,1.6,2.3,0.696,0.5,1.6
Jericho Sims,1630579,1610612749,53,1.8,3.7,0.6,0.2,0.4,0.8,1.3,0.634,0.2,0.2,0.615,0.0,0.6
Jermaine Samuels Jr.,1631257,1610612745,5,6.2,3.2,1.6,1.0,0.6,2.0,3.2,0.625,1.8,2.6,0.692,0.4,1.2
Jesse Edwards,1642399,1610612750,7,4.0,3.1,0.9,0.1,0.7,1.4,3.3,0.435,1.1,2.3,0.5,0.0,0.7
Jett Howard,1641724,1610612753,63,5.1,1.2,0.9,0.2,0.2,1.9,4.8,0.391,0.4,0.6,0.657,1.0,0.7
Jevon Carter,1628975,1610612741,36,4.3,1.1,1.1,0.4,0.1,1.5,4.1,0.377,0.2,0.3,0.8,1.0,0.3
Jimmy Butler III,202710,1610612744,55,17.5,5.4,5.4,1.4,0.3,5.5,10.9,0.504,6.0,7.1,0.842,0.6,1.3
Jimmy Whitt,1630307,1610612744,2,0.0,0.0,0.0,0.0,0.0,0.0,0.5,0.0,0.0,0.0,0.0,0.0,0.5
Jock Landale,1629111,1610612745,42,4.8,3.3,0.9,0.3,0.2,1.9,3.6,0.533,0.6,1.0,0.675,0.3,0.5
Joe Ingles,204060,1610612750,19,0.8,0.6,1.2,0.1,0.0,0.3,1.2,0.261,0.0,0.0,0.0,0.2,0.5
Joe Wieskamp,1630580,1610612750,5,4.2,1.2,0.0,0.0,0.0,1.4,2.2,0.636,0.6,0.8,0.75,0.8,0.2
Joel Embiid,203954,1610612755,19,23.8,8.2,4.5,0.7,0.9,7.4,16.6,0.444,7.8,8.9,0.882,1.2,3.3
Joey Hauser,1641792,1610612740,4,3.0,1.5,0.0,0.5,0.3,1.3,2.5,0.5,0.0,0.0,0.0,0.5,1.5
John Butler Jr.,1631219,1610612764,5,5.2,2.4,1.2,1.0,0.6,1.8,5.6,0.321,0.6,0.8,0.75,1.0,0.2
John Collins,1628381,1610612762,40,19.0,8.2,2.0,1.0,1.0,7.0,13.3,0.527,3.5,4.1,0.848,1.5,2.6
John Konchar,1629723,1610612763,46,2.4,3.3,0.9,0.7,0.3,0.9,2.0,0.451,0.2,0.2,0.875,0.5,0.3
Johnny Davis,1631098,1610612764,36,3.0,1.4,0.4,0.5,0.2,1.2,2.7,0.433,0.4,0.6,0.609,0.3,0.2
Johnny Furphy,1642277,1610612754,54,2.9,1.8,0.4,0.5,0.3,1.0,2.7,0.377,0.4,0.5,0.828,0.5,0.4
Johnny Juzang,1630548,1610612762,64,8.9,2.9,1.1,0.6,0.1,3.2,7.4,0.429,0.7,0.8,0.849,1.8,0.6
Joirdon Nicholas,1642053,1610612747,2,2.5,1.5,0.5,0.0,1.0,1.0,3.5,0.286,0.5,2.0,0.25,0.0,1.0
Jonas Valančiūnas,202685,1610612758,81,10.4,7.7,2.0,0.5,0.6,4.3,7.7,0.55,1.8,2.0,0.879,0.1,1.5
Jonathan Isaac,1628371,1610612753,71,5.4,4.4,0.6,0.9,1.1,1.9,4.6,0.414,1.0,1.5,0.682,0.5,0.5
Jonathan Kuminga,1630228,1610612744,47,15.3,4.6,2.2,0.8,0.4,5.5,12.1,0.454,3.3,5.0,0.668,1.0,1.5
Jonathan Mogbo,1642367,1610612761,65,6.1,4.9,2.3,0.9,0.5,2.4,5.6,0.44,0.9,1.3,0.726,0.3,1.1
Jordan Bowden,1630275,1610612737,3,13.3,3.7,2.3,1.7,0.0,4.0,10.3,0.387,3.3,3.7,0.909,2.0,0.7
Jordan Clarkson,203903,1610612762,37,16.2,3.2,3.7,0.8,0.2,5.4,13.3,0.408,3.1,3.9,0.797,2.3,2.3
Jordan Ford,1630259,1610612740,5,15.0,3.0,3.6,0.2,0.2,5.8,11.0,0.527,1.2,1.2,1.0,2.2,1.8
Jordan Goodwin,1630692,1610612747,29,5.6,3.9,1.4,1.0,0.4,2.2,5.0,0.438,0.3,0.4,0.818,0.9,0.9
Jordan Hall,1631160,1610612740,4,6.5,4.0,1.8,1.5,1.0,2.3,4.8,0.474,0.5,1.0,0.5,1.5,1.3
Jordan Hawkins,1641722,1610612740,61,11.0,2.9,1.2,0.6,0.4,3.7,10.1,0.363,1.7,2.1,0.811,1.9,1.3
Jordan McLaughlin,1629162,1610612759,46,2.1,0.7,1.1,0.3,0.0,0.7,1.6,0.431,0.4,0.5,0.773,0.4,0.3
Jordan Miller,1641757,1610612746,42,6.6,1.9,1.1,0.6,0.2,2.3,4.9,0.473,1.5,1.9,0.802,0.5,0.9
Jordan Poole,1629673,1610612764,68,20.5,3.0,4.5,1.3,0.4,6.7,15.5,0.432,3.6,4.0,0.883,3.5,3.0
Jordan Tucker,1630733,1610612755,5,7.4,1.2,0.4,0.2,0.8,2.4,4.6,0.522,0.8,0.8,1.0,1.8,0.6
Jordan Walsh,1641775,1610612738,57,2.2,1.8,0.5,0.3,0.3,0.8,2.4,0.333,0.3,0.5,0.552,0.3,0.5
Jose Alvarado,1630631,1610612740,56,10.3,2.4,4.6,1.3,0.3,3.6,9.3,0.392,1.1,1.3,0.811,2.0,1.5
Joseph Girard III,1642476,1610612761,2,3.5,2.5,1.5,0.5,0.0,1.0,4.5,0.222,1.0,1.0,1.0,0.5,0.0
Josh Bannan,1642483,1610612746,5,3.6,4.4,0.6,0.2,0.0,1.2,3.2,0.375,1.2,1.6,0.75,0.0,1.2
Josh Christopher,1630528,1610612748,22,7.2,1.6,1.1,0.9,0.3,2.6,5.5,0.467,1.0,1.1,0.917,1.0,0.9
Josh Giddey,1630581,1610612741,70,14.6,8.1,7.2,1.2,0.6,5.3,11.4,0.465,2.5,3.2,0.781,1.5,2.9
Josh Green,1630182,1610612766,68,7.4,2.5,1.6,1.1,0.2,2.6,6.2,0.428,0.7,1.1,0.681,1.4,1.0
Josh Hart,1628404,1610612752,77,13.6,9.6,5.9,1.5,0.4,5.2,10.0,0.525,2.1,2.7,0.776,1.1,2.1
Josh Minott,1631169,1610612750,51,3.9,1.6,0.5,0.4,0.3,1.4,2.9,0.473,0.8,0.9,0.872,0.4,0.4
Josh Oduro,1642490,1610612740,2,4.0,6.0,3.0,0.0,0.5,2.0,6.5,0.308,0.0,0.5,0.0,0.0,2.5
Josh Okogie,1629006,1610612766,40,7.1,2.8,0.8,1.2,0.5,2.4,5.3,0.443,1.6,2.1,0.741,0.8,0.8
Josh Richardson,1626196,1610612748,8,4.0,1.5,1.5,1.0,0.1,1.4,4.8,0.289,0.5,0.5,1.0,0.8,1.0
Josiah-Jordan James,1631249,1610612754,3,1.0,3.7,1.0,1.0,0.3,0.3,2.7,0.125,0.0,0.0,0.0,0.3,0.3
Jourdan Smith,1642495,1610612765,1,0.0,1.0,0.0,0.0,0.0,0.0,0.0,0.0,0.0,0.0,0.0,0.0,0.0
Jrue Holiday,201950,1610612738,62,11.1,4.3,3.9,1.1,0.4,4.1,9.2,0.443,1.1,1.2,0.909,1.7,1.2
Judah Mintz,1641758,1610612755,8,9.5,1.1,1.5,1.3,0.0,2.5,5.3,0.476,4.4,5.5,0.795,0.1,1.5
Jules Bernard,1631262,1610612764,5,12.6,4.6,1.4,0.0,0.0,3.4,8.4,0.405,3.8,4.6,0.826,2.0,1.8
Julian Champagnie,1630577,1610612759,82,9.9,3.9,1.4,0.7,0.4,3.4,8.1,0.415,1.0,1.1,0.904,2.2,0.9
Julian Phillips,1641763,1610612741,83,5.1,2.3,0.5,0.6,0.3,1.7,4.0,0.441,0.9,1.2,0.771,0.7,0.4
Julian Strawther,1631124,1610612743,67,9.6,2.2,1.3,0.6,0.3,3.4,7.9,0.432,1.3,1.6,0.8,1.5,1.0
Julius Randle,203944,1610612750,69,18.7,7.1,4.7,0.7,0.2,6.6,13.6,0.485,3.9,4.9,0.806,1.6,2.8
Justin Champagnie,1630551,1610612764,66,9.0,5.7,1.0,1.1,0.7,3.5,6.8,0.515,0.8,1.2,0.684,1.2,1.0
Justin Edwards,1642348,1610612755,52,9.7,3.3,1.6,1.0,0.4,3.8,8.4,0.452,0.7,1.0,0.698,1.4,1.2
Justin Lewis,1631171,1610612752,4,5.5,3.5,0.0,0.0,0.0,1.5,2.8,0.545,1.8,1.8,1.0,0.8,0.0
Justin Minaya,1631303,1610612757,23,2.3,1.0,0.6,0.6,0.2,0.9,1.8,0.476,0.1,0.3,0.5,0.4,0.3
Justin Moore,27803,1610612749,3,0.0,0.7,0.7,0.3,0.0,0.0,0.7,0.0,0.0,0.0,0.0,0.0,0.0
Jusuf Nurkić,203994,1610612766,51,8.9,7.8,2.3,0.8,0.7,3.3,6.9,0.477,1.7,2.5,0.664,0.6,1.9
KJ Jones II,1642428,1610612751,1,2.0,1.0,0.0,0.0,0.0,1.0,2.0,0.5,0.0,0.0,0.0,0.0,0.0
KJ Martin,1630231,1610612762,43,6.4,2.9,1.1,0.4,0.5,2.6,4.7,0.552,0.9,1.1,0.787,0.3,0.6
KJ Simpson,1642354,1610612766,36,7.8,3.0,3.1,0.9,0.2,2.9,8.4,0.346,1.1,1.4,0.82,0.9,1.6
KJ Williams,1642105,1610612760,6,6.0,5.3,0.5,0.5,0.5,2.0,6.0,0.333,1.2,1.7,0.7,0.8,1.2
Kai Jones,1630539,1610612742,40,5.0,3.1,0.6,0.4,0.6,2.2,2.7,0.798,0.6,0.8,0.719,0.0,0.5
Kaiser Gates,1629232,1610612753,2,5.5,1.5,1.5,2.0,0.0,1.5,5.0,0.3,1.0,1.0,1.0,1.5,0.5
Kamani Johnson,1642492,1610612752,1,2.0,7.0,0.0,0.0,1.0,1.0,3.0,0.333,0.0,0.0,0.0,0.0,2.0
Kameron Hankerson,1631410,1610612765,2,2.5,0.5,0.0,0.0,0.0,1.0,2.5,0.4,0.0,0.0,0.0,0.5,0.0
Karl-Anthony Towns,1626157,1610612752,72,24.4,12.8,3.1,1.0,0.7,8.9,16.9,0.526,4.7,5.7,0.829,2.0,2.7
Karlo Matković,1631255,1610612740,46,8.0,4.9,1.2,0.5,1.0,3.3,5.7,0.582,0.9,1.1,0.788,0.5,1.2
Kawhi Leonard,202695,1610612746,37,21.5,5.9,3.1,1.6,0.5,8.4,16.8,0.498,2.6,3.3,0.81,2.1,1.9
Keaton Wallace,1630811,1610612737,36,6.7,1.8,3.1,1.1,0.3,2.5,5.9,0.421,0.6,0.8,0.75,1.1,1.3
Keegan Murray,1631099,1610612758,76,12.4,6.7,1.4,0.8,0.9,4.8,10.8,0.444,0.8,0.9,0.833,2.0,0.8
Keion Brooks Jr.,1631232,1610612740,18,10.1,4.0,1.0,0.6,0.9,3.5,7.7,0.453,2.2,2.7,0.833,0.8,0.8
Kel'el Ware,1642276,1610612748,72,10.3,7.5,1.0,0.6,1.2,4.4,7.8,0.559,1.0,1.4,0.683,0.5,1.0
Keldon Johnson,1629640,1610612759,77,12.7,4.8,1.6,0.6,0.3,4.8,10.0,0.482,1.9,2.5,0.773,1.1,1.0
Kelly Olynyk,203482,1610612740,44,8.7,4.7,2.9,0.8,0.4,3.0,6.1,0.5,1.9,2.5,0.769,0.8,1.7
Kelly Oubre Jr.,1626162,1610612755,60,15.1,6.1,1.8,1.5,0.5,5.8,12.4,0.47,2.3,3.1,0.751,1.2,1.3
Kenan Blackshear,27774,1610612758,2,0.0,0.5,1.0,0.0,0.0,0.0,1.0,0.0,0.0,0.0,0.0,0.0,0.5
Kendall Brown,1631112,1610612754,5,9.6,3.2,2.2,0.2,0.8,3.4,8.2,0.415,2.4,3.4,0.706,0.4,2.4
Kendric Davis,1630660,1610612757,3,3.0,1.7,3.3,1.3,0.0,0.7,3.3,0.2,1.3,2.0,0.667,0.3,1.7
Kennedy Chandler,1631113,1610612757,5,12.8,5.8,2.8,0.6,0.2,5.2,10.0,0.52,2.2,3.4,0.647,0.2,1.4
Kenneth Lofton Jr.,1631254,1610612762,6,8.7,3.8,2.3,1.3,0.5,2.8,8.0,0.354,2.5,4.0,0.625,0.5,2.8
Kenrich Williams,1629026,1610612760,69,6.3,3.5,1.4,0.6,0.1,2.5,5.1,0.483,0.4,0.6,0.718,1.0,0.6
Kentavious Caldwell-Pope,203484,1610612763,77,8.7,2.2,1.8,1.3,0.4,3.1,7.1,0.439,1.1,1.2,0.863,1.5,0.8
Keon Ellis,1631165,1610612758,83,8.5,2.7,1.6,1.5,0.8,2.9,6.0,0.483,0.9,1.1,0.846,1.7,1.0
Keon Johnson,1630553,1610612751,84,10.9,3.8,2.4,1.1,0.4,3.9,10.0,0.395,1.5,1.9,0.759,1.6,1.5
Keshad Johnson,1642352,1610612748,22,5.1,2.7,0.5,0.6,0.5,1.9,3.4,0.56,0.9,1.4,0.633,0.5,0.4
Keshawn Justice,1641864,1610612762,5,5.6,3.4,1.4,1.2,0.2,2.2,6.8,0.324,0.0,0.0,0.0,1.2,0.6
Kessler Edwards,1630556,1610612742,40,4.2,2.9,1.1,0.5,0.5,1.7,3.4,0.496,0.3,0.3,0.923,0.6,0.4
Keve Aluma,1630653,1610612755,8,9.8,5.4,0.8,0.5,0.8,4.0,6.4,0.627,0.9,1.1,0.778,0.9,1.5
Kevin Cross Jr.,27779,1610612766,3,1.0,1.0,1.0,0.0,0.0,0.3,1.0,0.333,0.0,0.0,0.0,0.3,0.0
Kevin Durant,201142,1610612756,62,26.6,6.0,4.2,0.8,1.2,9.5,18.1,0.527,4.9,5.8,0.839,2.6,3.1
Kevin Huerter,1628989,1610612741,69,9.9,3.0,2.3,1.0,0.3,3.7,8.8,0.425,0.5,0.7,0.714,1.9,1.0
Kevin Knox II,1628995,1610612744,20,7.1,3.0,0.8,0.3,0.5,2.5,5.2,0.481,1.3,1.6,0.781,0.9,0.5
Kevin Love,201567,1610612748,23,5.3,4.1,1.0,0.7,0.2,1.8,5.0,0.357,0.7,1.0,0.696,1.0,0.6
Kevin McCullar Jr.,1641755,1610612752,4,1.5,2.0,0.5,0.3,0.3,0.5,1.8,0.286,0.5,0.5,1.0,0.0,0.0
Kevin Obanor,1641893,1610612740,3,2.3,2.7,0.3,0.0,0.3,0.7,1.3,0.5,1.0,2.0,0.5,0.0,1.3
Kevin Porter Jr.,1629645,1610612749,75,10.3,3.7,3.4,1.1,0.2,3.9,8.7,0.449,1.7,2.3,0.769,0.7,1.8
Kevon Harris,1630284,1610612763,2,3.0,2.0,2.5,0.0,0.5,1.0,4.0,0.25,0.0,0.0,0.0,1.0,2.0
Kevon Looney,1626172,1610612744,76,4.5,6.1,1.6,0.6,0.5,1.9,3.7,0.514,0.7,1.3,0.566,0.0,0.5
Keyontae Johnson,1641749,1610612760,7,9.7,6.1,3.3,0.7,0.4,3.6,8.9,0.403,2.6,3.4,0.75,0.0,2.7
Keyonte George,1641718,1610612762,69,17.2,3.8,5.6,0.7,0.1,5.4,13.8,0.391,3.8,4.6,0.826,2.6,2.8
Khalid Moore,1641940,1610612751,1,5.0,3.0,0.0,0.0,0.0,2.0,2.0,1.0,0.0,0.0,0.0,1.0,1.0
Khris Middleton,203114,1610612764,37,11.9,3.7,4.1,0.9,0.2,4.3,9.1,0.475,1.9,2.3,0.857,1.3,1.5
Kihei Clark,1642128,1610612749,3,1.0,0.3,0.3,0.0,0.0,0.3,0.3,1.0,0.3,1.3,0.25,0.0,0.3
Killian Hayes,1630165,1610612751,6,9.0,3.0,5.2,0.7,0.7,3.0,7.2,0.419,1.7,2.0,0.833,1.3,1.5
Killian Tillie,1629681,1610612738,5,8.4,3.8,0.6,0.4,1.0,3.2,6.6,0.485,0.6,0.8,0.75,1.4,0.8
Kira Lewis Jr.,1630184,1610612745,5,4.6,2.6,1.0,0.4,0.0,1.8,5.6,0.321,0.6,0.8,0.75,0.4,1.8
Klay Thompson,202691,1610612742,72,14.0,3.4,2.0,0.7,0.4,5.0,12.2,0.412,0.9,1.0,0.905,3.0,1.2
Kobe Brown,1641738,1610612746,45,3.6,2.0,1.0,0.2,0.2,1.4,3.0,0.474,0.5,0.7,0.767,0.2,0.5
Kobe Bufkin,1641723,1610612737,10,5.3,2.1,1.7,0.3,0.2,1.8,4.7,0.383,1.3,1.8,0.722,0.4,0.8
Kok Yat,1631236,1610612750,1,0.0,1.0,0.0,0.0,0.0,0.0,1.0,0.0,0.0,0.0,0.0,0.0,0.0
Kris Dunn,1627739,1610612746,74,6.4,3.4,2.8,1.7,0.4,2.6,5.9,0.439,0.2,0.3,0.682,1.0,1.0
Kris Murray,1631200,1610612757,74,4.6,2.9,1.1,0.5,0.3,1.8,4.5,0.408,0.4,0.9,0.5,0.5,0.7
Kristaps Porziņģis,204001,1610612738,42,19.5,6.8,2.1,0.7,1.5,6.6,13.7,0.483,3.8,4.7,0.809,2.5,1.3
Kyle Anderson,203937,1610612748,61,5.9,3.4,2.4,0.7,0.5,2.3,5.0,0.469,0.8,1.1,0.738,0.4,0.6
Kyle Castlin,1629959,1610612763,3,0.0,1.3,1.0,0.0,0.0,0.0,2.0,0.0,0.0,0.0,0.0,0.0,0.0
Kyle Filipowski,1642271,1610612762,80,9.7,6.1,1.9,0.7,0.3,3.7,7.5,0.489,1.3,2.0,0.656,1.1,1.5
Kyle Kuzma,1628398,1610612749,65,14.8,5.7,2.3,0.6,0.3,5.7,13.0,0.436,2.0,3.1,0.634,1.5,2.2
Kyle Lowry,200768,1610612755,35,3.9,1.9,2.7,0.9,0.3,1.2,3.3,0.35,0.8,0.9,0.818,0.8,0.6
Kyle Mangas,1630667,1610612747,1,6.0,3.0,0.0,0.0,0.0,2.0,5.0,0.4,2.0,2.0,1.0,0.0,0.0
Kylor Kelley,1630283,1610612740,11,3.1,3.5,0.5,0.1,0.3,1.3,2.0,0.636,0.5,0.9,0.6,0.0,0.4
Kylor Kelley,1630283,1610612760,7,4.7,6.4,0.7,0.0,1.3,2.3,4.0,0.571,0.1,0.3,0.5,0.0,0.4
Kyrie Irving,202681,1610612742,50,24.7,4.8,4.6,1.3,0.5,8.9,18.9,0.473,3.9,4.3,0.916,2.9,2.2
Kyshawn George,1642273,1610612764,73,8.7,4.2,2.5,1.0,0.7,3.0,7.9,0.379,1.1,1.4,0.755,1.7,1.6
LaMelo Ball,1630163,1610612766,47,25.2,4.9,7.4,1.1,0.3,8.6,21.3,0.405,4.1,4.9,0.843,3.8,3.6
Lamar Stevens,1630205,1610612763,17,4.4,2.2,0.5,0.3,0.2,1.7,3.7,0.46,0.5,0.6,0.727,0.5,0.6
Landry Shamet,1629013,1610612752,50,5.7,1.2,0.5,0.5,0.0,2.1,4.6,0.461,0.2,0.4,0.667,1.2,0.4
Larry Nance Jr.,1626204,1610612737,24,8.5,4.3,1.6,0.8,0.5,3.3,6.5,0.516,0.4,0.5,0.692,1.4,0.7
Lauri Markkanen,1628374,1610612762,47,19.0,5.9,1.5,0.7,0.4,6.3,14.9,0.423,3.4,3.9,0.876,2.9,1.4
LeBron James,2544,1610612747,70,24.4,7.8,8.2,1.0,0.6,9.3,18.1,0.513,3.7,4.7,0.782,2.1,3.7
Leaky Black,1641778,1610612766,8,3.4,4.4,1.8,1.3,0.5,1.3,3.8,0.333,0.4,0.4,1.0,0.5,0.9
Leonard Miller,1631159,1610612750,18,5.6,2.9,0.5,0.6,0.3,2.2,4.6,0.488,0.8,1.0,0.778,0.3,0.4
Lester Quinones,1631311,1610612740,13,6.6,1.5,1.8,0.2,0.2,2.4,6.0,0.397,0.8,1.0,0.846,1.0,1.1
Liam Robbins,1641857,1610612749,13,0.7,0.9,0.2,0.2,0.2,0.2,0.6,0.25,0.4,0.8,0.5,0.0,0.5
Lindy Waters III,1630322,1610612765,52,4.9,2.1,1.0,0.5,0.2,1.8,4.8,0.369,0.2,0.2,0.727,1.2,0.4
Logan Johnson,1641991,1610612756,3,2.7,1.7,0.3,0.3,0.3,1.0,2.0,0.5,0.7,0.7,1.0,0.0,1.0
Lonnie Walker IV,1629022,1610612755,20,12.4,3.2,2.5,0.5,0.3,4.5,10.6,0.42,1.2,1.5,0.8,2.3,1.3
Lonzo Ball,1628366,1610612741,35,7.6,3.4,3.3,1.3,0.5,2.5,6.9,0.366,0.6,0.8,0.815,1.9,1.2
Lucas Williamson,1631351,1610612763,3,1.0,0.0,0.0,0.7,0.0,0.3,2.0,0.167,0.0,0.0,0.0,0.3,0.0
Luguentz Dort,1629652,1610612760,71,10.1,4.1,1.6,1.1,0.5,3.6,8.4,0.435,0.5,0.6,0.717,2.4,0.7
Luka Dončić,1629029,1610612747,50,28.2,8.2,7.7,1.8,0.4,9.2,20.5,0.45,6.2,7.9,0.782,3.5,3.6
Luka Garza,1630568,1610612750,39,3.5,1.4,0.3,0.2,0.1,1.3,2.7,0.495,0.6,0.9,0.686,0.3,0.3
Luke Avdalovic,1641988,1610612759,5,4.6,1.0,0.4,0.0,0.2,1.4,4.4,0.318,0.6,0.6,1.0,1.2,0.6
Luke Kennard,1628379,1610612763,65,8.9,2.8,3.3,0.8,0.1,3.2,6.6,0.478,0.8,0.9,0.895,1.7,1.1
Luke Kornet,1628436,1610612738,73,6.0,5.3,1.6,0.5,1.0,2.6,3.8,0.668,0.9,1.3,0.691,0.0,0.4
Luke Travers,1631247,1610612739,16,2.8,2.4,1.0,0.4,0.2,1.1,2.9,0.383,0.6,0.6,0.9,0.0,1.1
Mac McClung,1630644,1610612753,2,0.0,0.5,1.5,0.0,0.0,0.0,1.0,0.0,0.0,0.0,0.0,0.0,0.0
Makhtar Gueye,1642474,1610612737,1,0.0,0.0,0.0,0.0,0.0,0.0,0.0,0.0,0.0,0.0,0.0,0.0,0.0
Malachi Flynn,1630201,1610612766,4,4.0,1.8,1.8,0.8,0.0,1.3,3.3,0.385,1.3,1.5,0.833,0.3,1.0
Malaki Branham,1631103,1610612759,47,5.0,1.1,0.8,0.2,0.0,1.9,4.0,0.458,0.6,0.7,0.818,0.7,0.7
Malcolm Brogdon,1627763,1610612764,24,12.7,3.8,4.1,0.5,0.2,4.3,10.0,0.433,3.4,3.8,0.88,0.7,1.6
Malevy Leons,27791,1610612760,6,5.0,2.7,0.5,1.2,0.5,1.5,3.3,0.45,1.5,2.0,0.75,0.5,0.8
Malevy Leons,1642502,1610612760,6,0.3,0.5,0.2,0.0,0.0,0.0,0.3,0.0,0.3,0.7,0.5,0.0,0.2
Malik Beasley,1627736,1610612765,82,16.3,2.6,1.7,0.9,0.1,5.6,13.1,0.43,1.2,1.7,0.679,3.9,1.0
Malik Hall,27780,1610612766,3,2.0,0.3,0.3,0.0,0.0,1.0,1.3,0.75,0.0,0.0,0.0,0.0,0.3
Malik Monk,1628370,1610612758,65,17.2,3.8,5.6,0.9,0.6,6.3,14.4,0.439,2.4,2.7,0.865,2.1,2.4
Malik Osborne,1631302,1610612756,3,1.7,2.7,0.0,0.0,0.0,0.7,1.0,0.667,0.0,0.0,0.0,0.3,0.0
Mantas Rubstavicius,1642388,1610612744,6,5.8,2.0,1.3,0.5,0.2,1.7,5.0,0.333,1.8,2.3,0.786,0.7,1.5
MarJon Beauchamp,1630699,1610612752,35,2.3,1.3,0.3,0.1,0.0,0.8,1.9,0.415,0.4,0.6,0.75,0.3,0.4
MarJon Beauchamp,1630699,1610612749,4,12.5,6.8,3.3,1.8,0.5,4.0,12.3,0.327,2.8,3.3,0.846,1.8,3.5
Marcus Bagley,1630542,1610612755,10,6.7,7.0,1.0,0.9,1.2,2.7,6.9,0.391,0.8,1.0,0.8,0.5,0.7
Marcus Domask,1642452,1610612741,3,2.3,1.7,0.0,0.3,0.7,1.0,3.3,0.3,0.0,0.0,0.0,0.3,0.7
Marcus Garrett,1630585,1610612766,8,7.8,2.6,2.4,1.1,0.4,3.0,7.0,0.429,1.3,1.5,0.833,0.5,1.3
Marcus Sasser,1631204,1610612765,62,7.0,1.3,2.6,0.8,0.1,2.5,5.5,0.445,1.1,1.3,0.825,1.0,1.1
Marcus Smart,203935,1610612764,34,9.0,2.1,3.2,1.1,0.3,3.0,7.6,0.393,1.6,2.1,0.761,1.4,1.6
Mark Armstrong,1642378,1610612751,5,2.8,1.2,1.6,0.2,0.0,1.0,4.4,0.227,0.4,0.4,1.0,0.4,1.4
Mark Williams,1631109,1610612766,44,15.3,10.2,2.5,0.7,1.2,6.1,10.2,0.604,3.0,3.7,0.804,0.0,1.6
Markelle Fultz,1628365,1610612758,21,2.9,1.0,1.3,0.5,0.1,1.3,3.2,0.418,0.0,0.0,1.0,0.2,0.7
Markieff Morris,202693,1610612747,15,3.7,1.5,1.4,0.1,0.2,1.4,4.7,0.3,0.3,0.4,0.833,0.6,0.3
Markquis Nowell,1641806,1610612764,3,4.0,2.0,1.7,1.7,0.0,1.0,2.7,0.375,1.7,2.7,0.625,0.3,1.7
Marques Bolden,1629716,1610612744,4,6.5,7.5,1.5,0.8,2.5,2.8,5.5,0.5,0.3,1.5,0.167,0.8,1.3
Marvin Bagley III,1628963,1610612763,31,4.4,2.7,0.4,0.3,0.3,1.8,3.4,0.519,0.7,1.1,0.657,0.1,0.4
Mason Jones,1630222,1610612758,15,5.8,2.5,2.7,0.7,0.1,2.0,4.1,0.484,1.3,1.4,0.905,0.5,1.3
Mason Plumlee,203486,1610612756,74,4.5,6.1,1.8,0.4,0.6,1.7,2.7,0.619,1.1,1.7,0.648,0.0,0.8
Matas Buzelis,1641824,1610612741,85,9.1,3.5,1.0,0.5,1.0,3.3,7.5,0.439,1.3,1.6,0.8,1.2,1.0
Matisse Thybulle,1629680,1610612757,15,7.5,3.5,1.9,2.2,0.6,2.8,5.9,0.477,0.5,1.0,0.467,1.4,0.9
Matt Lewis,1630665,1610612756,3,2.0,0.0,0.7,0.3,0.0,0.7,3.3,0.2,0.0,0.0,0.0,0.7,0.3
Matt Morgan,1630001,1610612766,7,12.3,1.7,1.4,0.3,0.1,4.0,7.6,0.528,1.9,2.4,0.765,2.4,1.4
Matt Ryan,1630346,1610612752,19,1.5,0.4,0.2,0.1,0.0,0.5,1.6,0.323,0.1,0.1,1.0,0.3,0.2
Max Abmas,1630546,1610612762,5,10.2,3.4,2.4,0.8,0.0,3.0,6.8,0.441,2.8,3.6,0.778,1.4,1.4
Max Christie,1631108,1610612742,78,9.6,3.3,1.9,0.8,0.4,3.2,7.6,0.427,1.7,1.9,0.855,1.5,1.1
Max Fiedler,27795,1610612755,2,2.0,2.5,0.0,0.0,0.0,1.0,2.5,0.4,0.0,0.0,0.0,0.0,0.5
Max Strus,1629622,1610612739,50,9.4,4.3,3.2,0.5,0.2,3.3,7.5,0.442,0.6,0.7,0.824,2.3,1.1
Maxi Kleber,1628467,1610612747,34,3.0,2.8,1.3,0.3,0.5,1.1,2.8,0.385,0.5,0.6,0.762,0.4,0.7
Maxwell Lewis,1641721,1610612751,28,4.1,2.0,0.7,0.3,0.3,1.6,3.9,0.417,0.3,0.4,0.7,0.7,0.5
Maxwell Lewis,1641721,1610612747,7,9.6,4.0,2.1,0.9,0.9,3.6,11.1,0.321,1.7,2.4,0.706,0.7,1.9
Melvin Ajinca,1642351,1610612742,5,7.2,2.6,0.6,0.6,0.2,2.6,8.8,0.295,1.0,1.0,1.0,1.0,2.0
Micah Potter,1630695,1610612762,38,4.3,4.3,0.8,0.4,0.4,1.5,3.6,0.422,0.4,0.5,0.85,0.8,0.8
Michael Devoe,1631238,1610612756,4,12.5,4.0,3.0,1.3,0.5,3.5,6.0,0.583,4.8,5.5,0.864,0.8,2.0
Michael Porter Jr.,1629008,1610612743,77,18.2,7.0,2.1,0.6,0.5,6.9,13.6,0.504,1.9,2.5,0.768,2.5,1.4
Mikal Bridges,1628969,1610612752,82,17.6,3.2,3.7,0.9,0.5,7.2,14.4,0.5,1.2,1.4,0.814,2.0,1.6
Mike Conley,201144,1610612750,71,8.2,2.6,4.5,1.1,0.2,2.6,6.6,0.4,1.1,1.3,0.9,1.8,1.1
Mike Miles Jr.,1641756,1610612745,4,1.8,1.3,0.8,0.3,0.3,0.8,3.8,0.2,0.3,0.8,0.333,0.0,0.3
Miles Bridges,1628970,1610612766,64,20.3,7.5,3.9,0.7,0.7,7.3,17.0,0.431,3.5,4.0,0.87,2.2,2.1
Miles McBride,1630540,1610612752,64,9.5,2.5,2.9,1.0,0.3,3.5,8.5,0.406,0.8,1.0,0.813,1.8,0.6
Miles Norris,1641936,1610612737,4,9.0,6.3,0.3,0.8,1.3,3.0,6.8,0.444,1.3,1.5,0.833,1.8,1.8
Miles Norris,1641936,1610612738,3,2.3,3.0,0.0,0.7,0.3,0.7,3.0,0.222,0.3,0.7,0.5,0.7,0.0
Miller Kopp,1642046,1610612760,6,4.0,2.3,0.7,0.7,0.2,1.5,5.2,0.29,0.0,0.0,0.0,1.0,0.8
Mitchell Robinson,1629011,1610612752,17,5.1,5.9,0.8,0.9,1.1,2.2,3.3,0.661,0.8,1.1,0.684,0.0,0.6
Mo Bamba,1628964,1610612740,32,4.3,4.5,0.6,0.3,1.0,1.6,3.5,0.464,0.6,0.8,0.704,0.5,0.6
Mohamed Diarra,1642437,1610612747,3,5.3,4.0,1.3,0.7,1.0,1.7,4.0,0.417,1.7,3.3,0.5,0.3,1.0
Monté Morris,1628420,1610612756,45,5.2,1.5,1.6,0.4,0.1,1.8,4.3,0.426,0.8,0.9,0.857,0.7,0.5
Moritz Wagner,1629021,1610612753,30,12.9,4.9,1.4,0.8,0.4,4.7,8.3,0.562,2.6,3.7,0.718,0.9,1.6
Moses Brown,1629650,1610612742,13,5.8,3.4,0.2,0.5,0.3,2.6,3.8,0.694,0.6,0.8,0.727,0.0,0.8
Moses Brown,1629650,1610612747,4,9.5,5.8,0.0,0.3,1.5,3.3,6.0,0.542,3.0,6.0,0.5,0.0,0.8
Moses Moody,1630541,1610612744,74,9.8,2.6,1.3,0.8,0.4,3.3,7.7,0.433,1.4,1.8,0.797,1.7,0.7
Moses Wood,1642473,1610612737,4,5.5,3.0,1.3,0.3,0.5,2.0,7.3,0.276,0.0,0.0,0.0,1.5,2.0
Mouhamadou Gueye,1631338,1610612766,2,10.5,3.0,0.5,1.5,2.0,4.5,7.0,0.643,0.5,1.0,0.5,1.0,1.0
Mouhamed Gueye,1631243,1610612737,36,6.5,4.3,0.9,0.9,1.0,2.3,5.6,0.413,1.2,1.6,0.729,0.7,0.7
Moussa Diabaté,1631217,1610612766,71,5.7,6.2,0.8,0.6,0.6,2.4,3.9,0.596,1.0,1.6,0.595,0.0,0.9
Moussa Diabaté,1631217,1610612746,5,12.2,7.4,1.0,0.8,0.2,5.0,7.8,0.641,2.2,2.4,0.917,0.0,1.0
Myles Turner,1626167,1610612754,72,15.6,6.5,1.5,0.8,2.0,5.4,11.3,0.481,2.6,3.3,0.773,2.2,1.7
Myron Gardner,1642066,1610612753,3,4.3,3.3,1.7,1.0,0.3,2.0,4.0,0.5,0.0,0.0,0.0,0.3,0.3
N'Faly Dante,1642368,1610612745,9,4.7,5.2,0.2,0.2,1.0,2.1,3.3,0.633,0.4,0.8,0.571,0.0,0.6
Nadir Hifi,27797,1610612750,3,11.3,1.3,2.0,1.3,0.0,4.0,9.3,0.429,2.7,2.7,1.0,0.7,1.3
Nae'Qwan Tomlin,1641772,1610612739,10,7.1,3.3,0.7,0.3,0.6,2.7,6.0,0.45,1.2,2.0,0.6,0.5,0.6
Naji Marshall,1630230,1610612742,69,13.2,4.8,3.0,1.0,0.2,5.2,10.3,0.508,1.9,2.3,0.813,0.9,1.6
Nate Hinton,1630207,1610612745,5,4.0,4.2,1.4,0.6,0.0,0.8,4.0,0.2,1.8,2.0,0.9,0.6,0.8
Nate Williams,1631466,1610612745,25,5.2,1.6,0.7,0.5,0.3,2.1,5.0,0.419,0.6,0.8,0.762,0.4,1.1
Nathan Knight,1630233,1610612741,3,5.0,4.0,1.0,0.3,0.0,0.7,3.7,0.182,3.3,4.7,0.714,0.3,2.0
Nathan Mensah,1641877,1610612759,6,6.8,7.3,0.3,0.8,1.3,2.7,5.0,0.533,1.5,2.8,0.529,0.0,1.3
Naz Reid,1629675,1610612750,80,14.2,6.0,2.3,0.7,0.9,5.3,11.5,0.462,1.4,1.8,0.776,2.2,1.4
Neal Sako,27777,1610612748,4,2.8,5.5,0.3,0.5,0.3,1.3,3.0,0.417,0.3,2.0,0.125,0.0,1.0
Neemias Queta,1629674,1610612738,64,5.5,4.0,0.7,0.3,0.7,2.3,3.6,0.649,0.9,1.1,0.767,0.0,0.6
Nic Claxton,1629651,1610612751,70,10.3,7.4,2.2,0.9,1.4,4.6,8.1,0.563,1.1,2.2,0.513,0.1,1.2
Nick Ongenda,1641861,1610612737,2,5.0,5.0,0.5,0.5,1.5,2.0,3.0,0.667,1.0,2.0,0.5,0.0,1.5
Nick Richards,1630208,1610612756,57,9.3,8.2,0.9,0.2,1.0,3.6,6.1,0.591,2.1,2.8,0.744,0.0,1.4
Nick Smith Jr.,1641733,1610612766,68,10.0,2.5,2.5,0.3,0.2,3.8,10.0,0.377,0.7,0.8,0.943,1.8,1.5
Nickeil Alexander-Walker,1629638,1610612750,82,9.4,3.2,2.7,0.6,0.4,3.3,7.5,0.438,1.1,1.4,0.78,1.7,1.2
Nicolas Batum,201587,1610612746,78,4.0,2.8,1.1,0.7,0.5,1.3,3.1,0.437,0.2,0.3,0.81,1.1,0.4
Nikola Djurisic,1641743,1610612737,2,4.5,1.5,1.0,0.5,0.5,1.0,3.5,0.286,2.5,4.5,0.556,0.0,2.5
Nikola Jokić,203999,1610612743,70,29.6,12.7,10.2,1.8,0.6,11.2,19.5,0.576,5.2,6.4,0.8,2.0,3.3
Nikola Jović,1631107,1610612748,46,10.7,3.9,2.8,0.8,0.3,3.7,8.2,0.456,1.6,1.9,0.828,1.7,1.3
Nikola Vučević,202696,1610612741,73,18.5,10.1,3.5,0.8,0.7,7.5,14.2,0.53,1.6,2.0,0.805,1.8,1.6
Noah Clowney,1641730,1610612751,51,9.6,4.0,0.9,0.6,0.6,3.1,8.3,0.374,1.5,1.9,0.789,1.9,1.1
Nojel Eastern,1630705,1610612750,2,2.0,0.5,0.5,0.0,0.5,0.5,1.5,0.333,1.0,1.0,1.0,0.0,0.0
Norman Powell,1626181,1610612746,60,21.8,3.2,2.1,1.2,0.2,7.6,15.8,0.484,3.6,4.4,0.804,3.0,1.8
OG Anunoby,1628384,1610612752,74,18.0,4.8,2.2,1.5,0.9,6.6,13.9,0.476,2.5,3.1,0.81,2.3,1.4
Obadiah Noel,1630750,1610612752,4,4.5,0.8,1.3,0.8,0.0,1.0,3.3,0.308,1.8,2.5,0.7,0.8,0.3
Obi Toppin,1630167,1610612754,79,10.5,4.0,1.6,0.6,0.4,4.0,7.6,0.529,1.1,1.4,0.781,1.4,0.9
Ochai Agbaji,1630534,1610612761,68,10.2,3.8,1.5,0.9,0.4,4.1,8.3,0.491,0.5,0.8,0.698,1.5,0.9
Olivier Nkamhoua,1641804,1610612757,2,6.5,4.0,1.5,0.5,3.0,2.5,6.0,0.417,0.5,1.0,0.5,1.0,1.0
Olivier-Maxence Prosper,1641765,1610612742,57,4.8,2.6,1.0,0.6,0.1,1.6,4.2,0.392,1.2,1.8,0.693,0.3,0.4
Omari Moore,1641760,1610612761,5,2.4,1.0,0.8,0.4,0.4,0.8,3.0,0.267,0.6,0.6,1.0,0.2,0.6
Onyeka Okongwu,1630168,1610612737,74,13.4,8.9,2.3,0.9,0.9,5.2,9.2,0.567,2.2,2.9,0.759,0.6,1.2
Orlando Robinson,1631115,1610612761,44,6.9,5.0,1.8,0.4,0.4,2.6,5.9,0.444,1.2,1.6,0.771,0.4,1.1
Orlando Robinson,1631115,1610612745,5,14.2,9.4,1.6,1.0,0.6,5.4,9.2,0.587,2.8,4.0,0.7,0.6,1.0
Oscar Tshiebwe,1631131,1610612762,14,7.6,8.7,0.6,0.9,0.1,3.0,5.0,0.6,1.6,2.2,0.742,0.0,0.7
Oscar Tshiebwe,1631131,1610612754,5,11.6,8.6,1.8,0.8,0.2,5.0,8.2,0.61,1.6,3.6,0.444,0.0,1.2
Oshae Brissett,1629052,1610612755,6,8.7,3.7,0.7,0.7,0.5,3.2,6.5,0.487,1.3,2.3,0.571,1.0,1.3
Oso Ighodaro,1642345,1610612756,66,4.4,3.8,1.4,0.5,0.5,1.9,3.2,0.592,0.6,0.9,0.633,0.0,0.8
Ousmane Dieng,1631172,1610612760,40,4.7,2.4,1.2,0.5,0.3,1.8,4.4,0.407,0.4,0.5,0.737,0.8,0.7
P.J. Tucker,200782,1610612752,3,3.0,2.7,0.0,0.3,0.3,1.0,2.3,0.429,0.0,0.0,0.0,1.0,0.3
P.J. Washington,1629023,1610612742,57,14.7,7.8,2.3,1.1,1.1,5.3,11.7,0.453,2.5,3.5,0.722,1.6,2.1
PJ Dozier,1628408,1610612750,9,0.8,0.6,0.6,0.1,0.0,0.2,0.3,0.667,0.1,0.7,0.167,0.2,0.1
PJ Hall,1641790,1610612743,23,3.5,2.1,0.6,0.1,0.4,1.4,3.1,0.465,0.3,0.4,0.8,0.3,0.4
Pacôme Dadiet,1642359,1610612752,23,2.8,1.7,0.5,0.2,0.1,1.0,3.0,0.314,0.5,0.7,0.706,0.3,0.5
Paolo Banchero,1631094,1610612753,46,25.9,7.5,4.8,0.8,0.6,9.0,19.8,0.452,6.1,8.4,0.727,1.9,3.0
Parker Braun,1642441,1610612743,2,1.0,4.0,2.0,0.5,1.0,0.5,2.5,0.2,0.0,0.0,0.0,0.0,1.5
Pascal Siakam,1627783,1610612754,78,20.2,6.9,3.4,0.9,0.5,7.9,15.2,0.519,2.9,3.9,0.734,1.6,1.4
Pat Connaughton,1626192,1610612749,41,5.3,2.7,1.7,0.2,0.3,2.0,4.3,0.469,0.6,0.8,0.774,0.6,0.6
Pat Spencer,1630311,1610612744,43,3.7,1.3,1.7,0.5,0.1,1.6,3.2,0.493,0.4,0.5,0.696,0.2,0.7
Patrick Baldwin Jr.,1631116,1610612746,24,2.2,1.0,0.1,0.1,0.1,0.8,1.5,0.543,0.1,0.2,0.5,0.5,0.2
Patrick Baldwin Jr.,1631116,1610612764,2,5.5,2.0,3.0,0.5,0.5,1.5,5.5,0.273,2.0,2.0,1.0,0.5,2.5
Patrick Williams,1630172,1610612741,63,9.0,3.8,2.0,0.8,0.5,3.3,8.2,0.397,1.0,1.3,0.723,1.5,1.4
Patty Mills,201988,1610612746,29,3.8,0.8,0.9,0.4,0.1,1.2,3.3,0.375,0.4,0.5,0.929,0.9,0.6
Paul George,202331,1610612755,41,16.2,5.3,4.3,1.8,0.5,6.0,13.9,0.43,1.9,2.4,0.814,2.3,2.6
Paul Reed,1630194,1610612765,45,4.1,2.7,1.0,0.9,0.6,1.6,3.2,0.507,0.7,0.9,0.762,0.2,0.6
Payton Pritchard,1630202,1610612738,80,14.3,3.8,3.5,0.9,0.2,5.1,10.8,0.472,0.9,1.1,0.845,3.2,1.0
Pedro Bradshaw,1630817,1610612766,3,4.0,0.7,1.3,0.7,0.0,1.3,2.0,0.667,0.7,0.7,1.0,0.7,0.0
Pelle Larsson,1641796,1610612748,64,5.4,1.9,1.5,0.7,0.1,1.9,4.3,0.44,1.0,1.4,0.678,0.6,0.6
Pete Nance,1631250,1610612749,13,2.9,1.6,0.8,0.2,0.2,1.1,2.5,0.438,0.1,0.2,0.5,0.7,0.3
Pete Nance,1631250,1610612739,5,11.6,5.6,1.4,0.2,1.4,4.4,9.4,0.468,1.2,1.4,0.857,1.6,1.6
Peyton Watson,1631212,1610612743,68,8.1,3.4,1.4,0.7,1.4,3.0,6.3,0.477,1.4,2.0,0.693,0.7,0.8
Philip Alston,27800,1610612749,3,4.7,2.3,1.0,0.7,0.0,1.7,3.3,0.5,1.0,1.3,0.75,0.3,0.7
Phillip Wheeler,1630762,1610612755,5,1.6,1.6,0.4,0.2,0.4,0.6,4.2,0.143,0.4,0.4,1.0,0.0,0.2
Precious Achiuwa,1630173,1610612752,57,6.6,5.6,1.0,0.8,0.7,2.9,5.7,0.502,0.7,1.2,0.594,0.2,0.8
Quentin Grimes,1629656,1610612755,75,14.6,4.3,3.0,1.0,0.3,5.1,11.0,0.467,2.2,2.9,0.757,2.2,1.9
Quenton Jackson,1631245,1610612754,33,6.6,1.7,2.2,0.9,0.2,2.4,4.7,0.506,1.2,1.7,0.745,0.6,0.9
Quincy Guerrier,1630663,1610612761,3,4.7,4.7,0.7,1.0,0.0,1.3,4.0,0.333,1.3,2.7,0.5,0.7,0.3
Quincy Olivari,1642439,1610612747,7,4.6,1.0,0.4,0.3,0.1,1.6,5.7,0.275,0.1,0.1,1.0,1.3,0.7
Quinn Ellis,27806,1610612757,3,0.7,2.7,1.7,0.3,0.0,0.0,1.7,0.0,0.7,0.7,1.0,0.0,2.7
Quinndary Weatherspoon,1629683,1610612756,3,9.7,3.0,1.0,2.3,0.3,3.0,8.7,0.346,3.0,5.0,0.6,0.7,2.7
Quinten Post,1642366,1610612744,44,8.2,3.5,1.3,0.4,0.4,3.0,6.5,0.456,0.6,0.7,0.806,1.7,0.8
R.J. Hampton,1630181,1610612755,3,2.7,1.3,2.0,0.3,0.0,0.7,1.7,0.4,1.3,1.3,1.0,0.0,0.7
RJ Barrett,1629628,1610612761,58,21.1,6.3,5.4,0.8,0.3,7.9,16.9,0.468,3.4,5.4,0.63,1.8,2.9
RaeQuan Battle,1642446,1610612766,6,5.2,0.8,0.2,0.5,0.0,1.8,4.3,0.423,0.5,0.5,1.0,1.0,0.7
RayJ Dennis,1642484,1610612754,11,2.7,1.1,1.3,0.6,0.2,1.0,3.0,0.333,0.2,0.2,1.0,0.5,0.5
RayJ Dennis,1642484,1610612746,5,7.8,3.8,4.6,1.0,0.4,2.6,6.6,0.394,0.8,1.2,0.667,1.8,2.2
Rayan Rupert,1641712,1610612757,57,3.8,1.6,0.7,0.4,0.1,1.4,3.5,0.41,0.5,0.7,0.725,0.4,0.8
Reece Beekman,1641736,1610612751,36,2.6,1.1,1.8,0.9,0.1,1.0,3.0,0.327,0.4,0.6,0.762,0.2,0.6
Reece Beekman,1641736,1610612744,2,7.0,1.0,1.5,0.5,1.0,2.0,6.5,0.308,2.0,2.0,1.0,1.0,1.0
Reed Sheppard,1642263,1610612745,56,5.5,1.7,1.7,0.8,0.4,2.1,5.4,0.384,0.4,0.5,0.786,0.9,1.0
Reggie Jackson,202704,1610612755,31,4.4,1.4,1.5,0.5,0.1,1.7,4.3,0.391,0.2,0.3,0.778,0.8,0.5
Richaun Holmes,1626158,1610612764,31,7.4,5.7,1.4,0.3,0.7,2.9,4.5,0.647,1.6,1.9,0.833,0.0,0.7
Ricky Council IV,1641741,1610612755,80,8.3,3.1,1.4,0.5,0.2,2.7,7.0,0.385,2.1,2.6,0.814,0.8,0.8
Riley Minix,1642434,1610612759,5,7.2,1.8,1.2,0.2,0.0,2.6,6.0,0.433,0.6,0.6,1.0,1.4,0.6
Rob Dillingham,1642265,1610612750,54,5.3,1.3,2.5,0.5,0.1,2.2,5.3,0.42,0.3,0.5,0.538,0.6,1.3
Robert Baker,1630312,1610612737,5,9.2,5.0,1.2,1.2,0.8,3.2,9.2,0.348,1.8,2.6,0.692,1.0,2.0
Robert Franks,1629606,1610612756,5,7.2,4.0,0.8,0.6,0.2,2.6,5.8,0.448,0.0,0.0,0.0,2.0,1.0
Robert Williams III,1629057,1610612757,20,5.8,5.9,1.1,0.7,1.7,2.5,3.9,0.641,0.8,0.9,0.882,0.1,0.9
Rokas Jokubaitis,1630599,1610612752,5,9.8,1.8,3.8,1.2,0.2,4.0,7.0,0.571,1.0,1.4,0.714,0.8,3.0
Roman Sorkin,1642430,1610612744,5,7.0,6.4,1.4,0.2,0.6,3.0,7.4,0.405,0.8,1.2,0.667,0.2,2.2
Ron Harper Jr.,1631199,1610612738,4,6.8,1.0,0.8,0.3,0.8,2.5,6.3,0.4,0.8,1.0,0.75,1.0,0.0
Ron Harper Jr.,1631199,1610612765,1,4.0,7.0,2.0,0.0,0.0,1.0,8.0,0.125,2.0,2.0,1.0,0.0,0.0
Ronald Holland II,1641842,1610612765,85,7.0,2.9,1.1,0.6,0.2,2.7,5.7,0.464,1.2,1.7,0.739,0.5,0.9
Ross Williams,1642477,1610612765,1,0.0,0.0,1.0,0.0,0.0,0.0,0.0,0.0,0.0,0.0,0.0,0.0,1.0
Royce O'Neale,1626220,1610612756,75,9.1,4.7,2.2,0.9,0.4,3.2,7.6,0.423,0.3,0.3,0.731,2.4,0.9
Rudy Gobert,203497,1610612750,72,12.0,10.9,1.8,0.8,1.4,4.7,7.1,0.669,2.6,3.8,0.674,0.0,1.2
Rui Hachimura,1629060,1610612747,59,13.1,5.0,1.4,0.8,0.4,5.0,9.8,0.509,1.5,1.9,0.77,1.7,0.8
Russell Westbrook,201566,1610612743,75,13.3,4.9,6.1,1.4,0.5,5.0,11.1,0.449,2.1,3.1,0.661,1.3,3.2
Ryan Dunn,1642346,1610612756,78,6.8,3.6,0.8,0.6,0.6,2.8,6.5,0.424,0.2,0.5,0.475,1.1,0.6
Ryan Rollins,1631157,1610612749,61,6.8,2.0,1.9,0.8,0.3,2.5,5.2,0.486,0.8,1.0,0.79,0.9,1.0
Sam Hauser,1630573,1610612738,71,8.5,3.2,0.9,0.6,0.2,3.0,6.7,0.451,0.2,0.2,1.0,2.3,0.3
Sam Merrill,1630241,1610612739,71,7.2,2.2,1.5,0.7,0.2,2.4,6.0,0.406,0.4,0.4,0.966,1.9,0.5
Sam Peek,1642071,1610612765,2,4.5,2.0,0.5,0.0,0.5,1.5,3.0,0.5,1.0,1.0,1.0,0.5,0.0
Samkelo Cele,1642491,1610612752,1,11.0,2.0,0.0,0.0,0.0,4.0,10.0,0.4,2.0,3.0,0.667,1.0,1.0
Samson Froling,1642425,1610612754,3,1.0,0.7,0.0,0.0,0.0,0.3,1.3,0.25,0.3,0.7,0.5,0.0,0.7
Sandro Mamukelashvili,1630572,1610612759,61,6.3,3.1,0.8,0.4,0.3,2.3,4.6,0.502,0.7,1.0,0.741,1.0,0.4
Santi Aldama,1630583,1610612763,65,12.5,6.4,2.9,0.8,0.4,4.8,10.0,0.483,1.0,1.4,0.691,1.8,1.1
Santiago Vescovi,1642417,1610612744,6,3.0,2.5,2.3,0.3,0.0,1.2,2.7,0.438,0.3,0.5,0.667,0.3,1.0
Scoot Henderson,1630703,1610612757,66,12.7,3.0,5.1,1.0,0.2,4.3,10.4,0.419,2.4,3.1,0.767,1.6,2.7
Scottie Barnes,1630567,1610612761,65,19.3,7.7,5.8,1.4,1.0,7.3,16.4,0.446,3.5,4.6,0.755,1.2,2.8
Scotty Pippen Jr.,1630590,1610612763,87,10.9,3.4,4.7,1.5,0.4,3.9,8.2,0.475,1.9,2.6,0.735,1.1,1.8
Sean East II,1642398,1610612747,7,6.9,2.6,2.9,0.4,0.0,3.1,7.6,0.415,0.1,0.3,0.5,0.4,1.9
Seth Curry,203552,1610612766,68,6.5,1.7,0.9,0.4,0.1,2.4,5.0,0.478,0.5,0.6,0.846,1.2,0.5
Seth Millner Jr.,1641982,1610612759,6,3.8,1.8,0.5,0.2,0.2,0.8,3.7,0.227,1.7,2.3,0.714,0.5,0.7
Shaedon Sharpe,1631101,1610612757,72,18.5,4.5,2.8,0.9,0.2,6.9,15.3,0.452,2.6,3.4,0.785,2.0,2.1
Shahada Wells,1642471,1610612745,4,1.5,1.3,0.8,0.3,0.5,0.8,2.5,0.3,0.0,0.0,0.0,0.0,1.0
Shai Gilgeous-Alexander,1628983,1610612760,76,32.7,5.0,6.4,1.7,1.0,11.3,21.8,0.519,7.9,8.8,0.898,2.1,2.4
Shake Milton,1629003,1610612747,57,5.5,1.8,1.8,0.4,0.1,2.0,4.5,0.453,0.8,1.0,0.797,0.7,0.7
Sidy Cissoko,1631321,1610612757,22,1.5,1.0,0.7,0.1,0.0,0.6,1.4,0.433,0.1,0.4,0.333,0.1,0.5
Sidy Cissoko,1631321,1610612759,6,6.8,4.7,1.7,1.0,0.0,1.3,6.3,0.211,3.8,6.0,0.639,0.3,2.7
Simone Fontecchio,1631323,1610612765,75,5.9,2.9,0.9,0.4,0.2,2.0,5.0,0.402,0.9,1.1,0.833,1.0,0.7
Skal Labissiere,1627746,1610612758,4,1.3,0.8,0.3,0.0,0.0,0.5,1.0,0.5,0.0,0.0,0.0,0.3,0.0
Spencer Dinwiddie,203915,1610612742,79,11.0,2.6,4.4,0.9,0.2,3.6,8.6,0.416,2.5,3.1,0.802,1.4,1.3
Spencer Jones,1642461,1610612743,20,1.3,0.9,0.3,0.3,0.3,0.6,1.7,0.324,0.2,0.2,1.0,0.1,0.3
Spencer Jones,1642461,1610612757,1,0.0,1.0,0.0,0.0,1.0,0.0,1.0,0.0,0.0,0.0,0.0,0.0,0.0
Stanley Umude,1630649,1610612749,22,0.7,0.8,0.2,0.1,0.3,0.2,1.2,0.192,0.1,0.2,0.5,0.1,0.1
Stephen Curry,201939,1610612744,70,24.5,4.4,6.0,1.1,0.4,8.1,18.0,0.448,4.0,4.3,0.933,4.4,2.9
Stephon Castle,1642264,1610612759,84,14.8,3.7,4.1,0.9,0.3,5.3,12.4,0.425,3.1,4.2,0.722,1.2,2.2
Steven Adams,203500,1610612745,58,3.9,5.6,1.1,0.4,0.5,1.6,2.9,0.545,0.7,1.6,0.462,0.0,0.9
Svi Mykhailiuk,1629004,1610612762,38,8.8,2.4,2.0,0.5,0.2,3.1,7.9,0.391,0.7,0.9,0.8,1.8,1.4
Sy Chatman,1642442,1610612743,2,3.5,1.5,0.5,1.5,0.0,1.0,3.0,0.333,1.5,2.0,0.75,0.0,0.0
T.J. Clark,1642037,1610612742,3,4.0,0.3,1.0,0.0,0.0,1.3,2.3,0.571,0.3,0.7,0.5,1.0,1.3
T.J. McConnell,204456,1610612754,79,9.1,2.4,4.4,1.1,0.3,4.1,7.9,0.519,0.7,1.0,0.74,0.2,1.4
Ta'Lon Cooper,1642445,1610612753,2,3.0,0.5,0.5,0.0,0.0,1.0,2.0,0.5,0.0,0.0,0.0,1.0,0.0
Taevion Kinsey,1641795,1610612762,6,5.7,3.0,2.3,0.8,0.5,2.3,5.5,0.424,0.0,0.0,0.0,1.0,1.5
Taj Gibson,201959,1610612766,37,2.9,3.2,0.6,0.2,0.5,1.3,2.6,0.495,0.3,0.5,0.6,0.0,0.7
Talen Horton-Tucker,1629659,1610612741,58,6.5,1.7,1.4,0.4,0.2,2.3,5.0,0.457,1.2,1.7,0.735,0.7,0.7
Tari Eason,1631106,1610612745,57,12.0,6.4,1.5,1.7,0.9,4.8,9.8,0.487,1.4,1.8,0.76,1.1,1.1
Taurean Prince,1627752,1610612749,80,8.2,3.6,1.9,1.0,0.2,2.9,6.4,0.457,0.5,0.6,0.813,1.8,1.0
Taylor Funk,1641917,1610612764,5,11.6,3.6,1.2,0.2,0.2,3.4,7.8,0.436,1.6,1.8,0.889,3.2,0.2
Taylor Hendricks,1641707,1610612762,9,9.1,5.9,1.2,0.9,1.8,3.0,8.0,0.375,1.7,2.3,0.714,1.4,1.7
Taze Moore,1631386,1610612757,2,3.0,4.0,0.5,1.0,0.0,1.0,5.0,0.2,0.5,1.0,0.5,0.5,1.0
Terance Mann,1629611,1610612737,67,7.7,3.0,1.8,0.7,0.2,3.1,6.2,0.496,0.7,1.0,0.691,0.9,0.7
Terence Davis,1629056,1610612758,1,0.0,1.0,1.0,0.0,0.0,0.0,2.0,0.0,0.0,0.0,0.0,0.0,0.0
Terquavion Smith,1631173,1610612757,4,7.0,3.3,1.3,1.5,0.5,2.5,9.0,0.278,0.8,1.3,0.6,1.3,1.5
Terrence Shannon Jr.,1630545,1610612750,36,5.3,1.6,1.0,0.3,0.3,2.0,4.1,0.5,0.9,1.1,0.821,0.4,0.6
Terry Rozier,1626179,1610612748,64,10.6,3.7,2.6,0.6,0.2,3.9,9.9,0.391,1.4,1.7,0.852,1.4,1.2
Terry Taylor,1630678,1610612746,5,4.2,4.0,1.4,0.2,0.8,1.6,4.2,0.381,0.8,0.8,1.0,0.2,0.6
Terry Taylor,1630678,1610612758,3,0.0,0.3,0.7,0.0,0.0,0.0,0.3,0.0,0.0,0.0,0.0,0.0,0.0
Tevian Jones,1641856,1610612751,2,5.5,0.5,1.0,0.0,0.5,2.0,5.0,0.4,0.0,0.0,0.0,1.5,0.0
Theo Maledon,1630177,1610612753,3,14.0,2.7,5.3,1.0,0.3,3.3,6.3,0.526,6.0,6.0,1.0,1.3,2.7
Thomas Bryant,1628418,1610612754,66,6.5,3.8,0.8,0.4,0.6,2.5,4.9,0.508,0.8,1.0,0.859,0.7,0.5
Tidjane Salaün,1642275,1610612766,63,6.0,4.8,1.2,0.5,0.2,2.0,5.9,0.337,1.1,1.6,0.696,0.9,1.0
Tim Hardaway Jr.,203501,1610612765,77,11.0,2.4,1.6,0.5,0.1,3.6,8.8,0.406,1.6,1.9,0.855,2.2,0.6
Timmy Allen,1641851,1610612763,8,4.1,0.8,0.6,0.5,0.1,1.6,3.6,0.448,0.6,0.6,1.0,0.3,0.5
Tobias Harris,202699,1610612765,73,13.7,5.9,2.2,1.0,0.8,5.3,11.0,0.477,2.0,2.3,0.861,1.2,1.2
Tolu Smith,1642449,1610612765,6,11.5,8.8,0.7,0.2,0.8,4.8,8.2,0.592,1.8,4.3,0.423,0.0,1.7
Tommy Kuhse,1631339,1610612747,7,9.3,2.4,4.0,1.1,0.0,3.7,9.1,0.406,0.4,0.6,0.75,1.4,2.3
Tony Bradley,1628396,1610612754,14,4.4,3.0,0.4,0.1,0.6,2.1,3.2,0.644,0.1,0.4,0.333,0.1,0.4
Tony Bradley,1628396,1610612755,4,3.8,3.5,0.3,1.5,0.8,1.8,2.3,0.778,0.3,0.5,0.5,0.0,0.8
Torrey Craig,1628470,1610612738,26,4.2,2.8,0.7,0.3,0.5,1.5,3.5,0.422,0.3,0.5,0.667,0.9,0.3
Tosan Evbuomwan,1641787,1610612751,28,9.5,4.3,2.0,0.9,0.4,3.4,7.9,0.427,2.0,2.6,0.753,0.9,1.4
Toumani Camara,1641739,1610612757,78,11.3,5.8,2.2,1.5,0.6,4.2,9.2,0.458,1.2,1.6,0.722,1.7,1.4
Trae Young,1629027,1610612737,76,24.2,3.1,11.6,1.2,0.2,7.4,18.1,0.411,6.5,7.4,0.875,2.9,4.7
Trayce Jackson-Davis,1631218,1610612744,65,6.8,5.1,1.7,0.4,0.6,2.9,4.9,0.579,1.1,1.9,0.603,0.0,0.7
Tre Jones,1630200,1610612741,46,7.2,2.5,4.2,0.8,0.2,2.8,5.2,0.538,1.2,1.5,0.821,0.4,0.8
Tre Mann,1630544,1610612766,13,14.1,2.9,3.0,0.5,0.3,5.4,12.4,0.435,1.5,1.6,0.905,1.8,1.9
Tre Mitchell,27792,1610612760,4,5.3,3.8,0.5,0.0,0.8,1.8,2.8,0.636,0.5,1.8,0.286,1.3,1.0
Trendon Watford,1630570,1610612751,44,10.2,3.6,2.6,0.6,0.3,3.7,8.0,0.469,2.1,2.8,0.762,0.7,1.9
Trent Forrest,1630235,1610612747,2,1.0,1.5,4.0,1.5,0.0,0.5,3.0,0.167,0.0,0.0,0.0,0.0,1.5
Trentyn Flowers,1642280,1610612746,6,1.8,0.7,0.0,0.0,0.0,0.7,1.8,0.364,0.5,0.5,1.0,0.0,0.2
Trevelin Queen,1630243,1610612753,31,4.9,1.7,1.2,1.0,0.3,1.8,4.7,0.381,0.6,0.7,0.857,0.7,0.7
Trevon Scott,1630286,1610612753,2,4.0,2.0,1.0,0.5,0.5,1.5,4.0,0.375,0.0,0.0,0.0,1.0,0.0
Trevor Hudgins,1631309,1610612746,5,3.0,1.4,1.4,1.2,0.0,1.0,4.0,0.25,0.4,0.4,1.0,0.6,0.2
Trevor Keels,1631211,1610612745,4,6.3,1.8,1.0,0.5,0.0,2.3,3.5,0.643,0.0,0.0,0.0,1.8,0.3
Trey Alexander,1641725,1610612743,29,4.1,1.4,0.9,0.3,0.1,1.4,3.3,0.438,0.7,0.7,0.952,0.5,0.6
Trey Jemison III,1641998,1610612747,38,2.5,2.8,0.4,0.2,0.4,1.1,1.9,0.554,0.3,0.9,0.394,0.0,0.6
Trey Jemison III,1641998,1610612763,9,9.4,6.6,0.8,0.4,0.9,4.2,7.1,0.594,1.0,1.8,0.563,0.0,1.9
Trey Lyles,1626168,1610612758,69,6.5,4.6,1.2,0.6,0.3,2.3,5.4,0.42,0.8,1.2,0.7,1.2,0.6
Trey Murphy III,1630530,1610612740,53,21.2,5.1,3.5,1.1,0.7,7.2,15.8,0.454,3.8,4.3,0.887,3.0,1.9
Trey Woodbury,1642426,1610612754,2,3.5,1.0,0.5,0.5,0.0,1.0,4.5,0.222,1.0,1.0,1.0,0.5,0.0
Trhae Mitchell,1630342,1610612740,4,2.5,3.8,1.5,1.3,1.0,1.0,2.3,0.444,0.0,0.0,0.0,0.5,0.3
Tristan Enaruna,1642400,1610612738,3,3.7,1.0,0.0,1.0,0.7,1.7,3.3,0.5,0.3,0.7,0.5,0.0,0.3
Tristan Thompson,202684,1610612739,40,1.7,3.4,0.6,0.1,0.3,0.8,1.8,0.437,0.2,0.8,0.233,0.0,0.4
Tristan Vukcevic,1641774,1610612764,36,9.2,3.6,1.1,0.3,0.7,3.4,6.9,0.488,1.4,1.9,0.776,1.1,1.2
Tristan da Silva,1641783,1610612753,77,7.6,3.4,1.6,0.5,0.2,2.8,6.6,0.423,0.8,0.9,0.889,1.2,0.8
Tristen Newton,1641803,1610612750,8,0.4,0.5,0.3,0.1,0.0,0.1,1.0,0.125,0.1,0.1,1.0,0.0,0.3
Tristen Newton,1641803,1610612754,5,9.0,3.8,4.6,1.2,0.4,1.6,8.0,0.2,5.0,5.6,0.893,0.8,2.8
Ty Jerome,1629660,1610612739,70,12.5,2.5,3.4,1.1,0.0,4.6,8.8,0.516,1.8,2.1,0.872,1.6,1.3
TyTy Washington Jr.,1631102,1610612756,16,2.2,0.8,1.0,0.2,0.0,0.9,2.8,0.311,0.2,0.4,0.5,0.3,0.2
TyTy Washington Jr.,1631102,1610612749,4,11.3,1.3,2.3,0.0,0.0,4.3,9.8,0.436,1.8,2.0,0.875,1.0,1.0
Tyler Cook,1629076,1610612738,4,7.3,3.8,1.8,0.0,0.3,2.8,4.5,0.611,1.8,2.5,0.7,0.0,1.0
Tyler Herro,1629639,1610612748,77,23.9,5.2,5.5,0.9,0.2,8.5,17.9,0.472,3.7,4.2,0.878,3.3,2.6
Tyler Kolek,1642278,1610612752,46,2.8,1.0,2.3,0.4,0.1,0.9,2.8,0.339,0.5,0.6,0.821,0.4,0.5
Tyler Robertson,27798,1610612764,1,2.0,3.0,1.0,1.0,0.0,1.0,4.0,0.25,0.0,0.0,0.0,0.0,0.0
Tyler Smith,1641890,1610612749,28,4.0,2.1,0.4,0.3,0.3,1.5,3.5,0.443,0.2,0.3,0.667,0.7,0.5
Tyler Thomas,1642457,1610612741,2,4.0,1.0,0.5,0.0,0.0,1.5,2.0,0.75,0.0,0.0,0.0,1.0,0.5
Tyler Wahl,1642459,1610612750,1,0.0,0.0,0.0,0.0,0.0,0.0,0.0,0.0,0.0,0.0,0.0,0.0,0.0
Tylor Perry,1642465,1610612761,4,1.8,0.8,1.5,0.0,0.0,0.5,2.3,0.222,0.3,0.5,0.5,0.5,0.3
Tyrece Radford,1642436,1610612759,5,3.6,2.2,0.6,0.0,0.0,1.2,2.6,0.462,1.2,1.2,1.0,0.0,0.8
Tyrese Haliburton,1630169,1610612754,73,18.6,3.5,9.2,1.4,0.7,6.5,13.8,0.473,2.6,3.0,0.851,3.0,1.6
Tyrese Martin,1631213,1610612751,65,8.9,3.6,1.9,0.6,0.2,3.2,7.7,0.412,0.8,1.0,0.794,1.7,1.2
Tyrese Maxey,1630178,1610612755,52,26.3,3.3,6.1,1.8,0.4,9.2,21.0,0.437,4.9,5.6,0.879,3.1,2.4
Tyrese Samuel,1642487,1610612756,4,1.8,1.5,0.3,0.3,0.5,0.8,1.3,0.6,0.3,1.0,0.25,0.0,0.0
Tyson Etienne,1630623,1610612751,7,7.9,1.3,1.7,0.4,0.1,2.4,7.4,0.327,1.1,1.4,0.8,1.9,1.1
Tyson Walker,1642488,1610612756,5,5.4,1.6,2.6,1.8,0.2,2.0,6.2,0.323,0.4,0.8,0.5,1.0,0.6
Tyson Ward,1642435,1610612759,7,8.0,3.6,0.7,0.6,0.6,2.9,9.3,0.308,1.1,1.6,0.727,1.1,1.6
Tyus Jones,1626145,1610612756,81,10.2,2.4,5.3,0.9,0.1,3.8,8.4,0.448,0.6,0.7,0.895,2.0,1.1
Ulrich Chomche,1642279,1610612761,12,2.3,2.9,0.8,0.1,0.7,0.9,1.9,0.478,0.4,0.9,0.455,0.1,1.1
Vasilije Micic,203995,1610612756,41,6.6,2.2,3.1,0.4,0.0,2.3,6.7,0.348,0.8,1.0,0.829,1.1,1.9
Victor Wembanyama,1641705,1610612759,46,24.3,11.0,3.7,1.1,3.8,8.9,18.6,0.476,3.4,4.1,0.836,3.1,3.2
Vin Baker Jr.,1641921,1610612749,4,1.5,1.3,0.3,0.0,1.3,0.8,1.5,0.5,0.0,0.5,0.0,0.0,1.3
Vince Williams Jr.,1631246,1610612763,27,6.6,3.6,2.0,0.4,0.3,2.5,6.2,0.401,0.7,0.9,0.792,1.0,1.2
Vincent Valerio-Bodon,1641941,1610612747,4,4.5,4.0,1.3,0.8,0.5,1.3,4.3,0.294,1.3,1.5,0.833,0.8,0.8
Vlatko Čančar,1628427,1610612743,13,1.8,2.5,0.7,0.2,0.2,0.8,2.0,0.385,0.0,0.0,0.0,0.3,0.8
Vít Krejčí,1630249,1610612737,57,7.2,2.7,2.6,0.6,0.5,2.5,5.1,0.497,0.6,0.8,0.711,1.6,0.9
Walker Kessler,1631117,1610612762,60,10.9,12.1,1.7,0.7,2.4,4.7,7.2,0.657,1.4,2.7,0.519,0.1,1.5
Walter Ellis,1641909,1610612743,3,4.3,1.7,0.3,0.7,0.3,1.7,4.7,0.357,0.3,0.3,1.0,0.7,1.0
Warith Alatishe,1631449,1610612742,2,1.0,2.5,0.5,1.0,2.0,0.5,1.0,0.5,0.0,0.0,0.0,0.0,1.0
Warren Washington,27778,1610612748,6,2.3,2.2,0.2,0.3,0.3,1.2,2.8,0.412,0.0,0.0,0.0,0.0,0.2
Wendell Carter Jr.,1628976,1610612753,68,9.1,7.2,2.0,0.8,0.6,3.3,7.2,0.46,1.9,2.6,0.737,0.5,1.1
Wendell Moore Jr.,1631111,1610612766,36,4.2,2.6,1.2,0.6,0.1,1.6,3.5,0.468,0.5,0.6,0.818,0.4,0.8
Wendell Moore Jr.,1631111,1610612765,2,5.5,3.0,1.5,1.0,0.0,2.0,8.0,0.25,1.0,1.0,1.0,0.5,1.0
William Baker,1642475,1610612765,3,1.3,0.3,0.7,0.0,0.0,0.7,1.7,0.4,0.0,0.0,0.0,0.0,0.0
Xavier Moon,1629875,1610612753,5,7.0,3.4,3.4,1.0,0.4,3.0,6.0,0.5,0.0,0.0,0.0,1.0,3.0
Xavier Sneed,1630270,1610612758,5,3.4,1.0,0.6,1.0,0.6,1.0,3.0,0.333,1.0,1.6,0.625,0.4,1.2
Xavier Tillman,1630214,1610612738,33,1.0,1.3,0.2,0.3,0.2,0.4,1.6,0.245,0.1,0.1,0.75,0.2,0.4
Yauhen Massalski,1641862,1610612759,8,5.1,9.1,2.1,0.8,0.6,2.4,5.6,0.422,0.4,0.8,0.5,0.0,1.6
Yuki Kawamura,1642530,1610612763,22,1.6,0.5,0.9,0.1,0.0,0.5,1.4,0.367,0.3,0.4,0.778,0.3,0.2
Yuri Collins,1641879,1610612744,8,5.4,3.0,4.1,0.8,0.0,2.0,4.4,0.457,1.3,1.8,0.714,0.1,2.1
Yves Missi,1642274,1610612740,77,9.1,8.1,1.4,0.5,1.4,3.6,6.7,0.542,1.8,2.8,0.625,0.0,1.2
Zaccharie Risacher,1642258,1610612737,77,12.6,3.6,1.2,0.7,0.5,4.8,10.5,0.456,1.4,2.0,0.699,1.6,1.2
Zach Collins,1628380,1610612741,64,6.4,4.5,1.7,0.5,0.5,2.4,4.7,0.507,1.1,1.2,0.885,0.5,0.9
Zach Edey,1641744,1610612763,68,9.3,8.3,1.0,0.5,1.3,3.8,6.6,0.583,1.3,1.9,0.709,0.3,1.3
Zach LaVine,203897,1610612758,74,23.3,4.3,4.2,0.8,0.2,8.4,16.5,0.511,3.2,3.9,0.825,3.2,2.8
Zavier Simpson,1630285,1610612766,7,13.1,4.1,6.7,1.4,1.0,5.1,10.9,0.474,2.4,3.3,0.739,0.4,1.7
Zeke Nnaji,1630192,1610612743,57,3.2,1.6,0.4,0.4,0.7,1.2,2.5,0.496,0.5,0.8,0.614,0.3,0.2
Zhaire Smith,1629015,1610612739,5,4.0,1.4,1.0,1.2,0.4,1.4,3.8,0.368,1.0,1.4,0.714,0.2,1.6
Ziaire Williams,1630533,1610612751,63,10.0,4.6,1.3,1.0,0.4,3.4,8.3,0.412,1.6,2.0,0.821,1.6,1.1
Zion Williamson,1629627,1610612740,30,24.6,7.2,5.3,1.2,0.9,9.6,16.9,0.567,5.3,8.0,0.656,0.1,3.0
Zylan Cheatham,1629597,1610612751,5,3.6,3.4,2.0,0.6,0.6,1.2,2.2,0.545,1.2,2.4,0.5,0.0,1.6
Zyon Pullin,1642389,1610612748,9,5.9,1.2,1.9,0.1,0.1,2.2,4.3,0.513,1.1,1.7,0.667,0.3,1.2
Zyon Pullin,1642389,1610612763,3,0.0,0.0,0.0,0.0,0.0,0.0,0.3,0.0,0.0,0.0,0.0,0.0,0.0
